artist,title,lyrics
Taco Hemingway,POLSKIE TANGO,"[Tekst piosenki ""POLSKIE TANGO""]

[Zwrotka 1: Taco Hemingway]
W latach 90' nie miałaś tożsamości
Zachód pędził do przodu, zachód nie miał litości
Trzeba się było wspomóc, by nie wyminął nas pościg
A świat eks-wrogów przewidział: będziemy głodni
Zapuszczał do nas oczko, byśmy przestali pościć
A myśmy byli w szoku, w sklepach tyle nowości:
Plastikowe zabawki, fajne nowe pornoski
Farby w kolorze malin, bananów, jagód i brzoskwiń
Mówi się: ""szare bloki?"" Gdzie, kurwa, szare bloki?
Tutaj wszystko pstrokate — baby, typy i yorki
Purpurowe siniaki, pewnie, bo była naughty
On ma kefir dla mężczyzn, taki well-balanced protein o smaku toffee
Mój kraj wyszedł z klatki, teraz się mota
Moim krajem może rządzić byle miernota
W moim kraju ta oświata to jest ciemnota
Z jednej strony ""Jarmark"", a z drugiej ""Europa""

[Refren: Taco Hemingway]
Tańczę polskie tango
Nogi w błocie mam, bo Wisła to grząskie bagno
Narodowe barwy mamy jak Santa Claus
I to ma sens, bo przestałem wierzyć w Polskę dawno
Tańczę polskie tango
Nogi w błocie mam, bo Wisła to grząskie bagno
Narodowe barwy mamy jak Santa Claus
I to ma sens, sens, sens, sens, sens

[Zwrotka 2: Taco Hemingway]
Kto Ty jesteś? Polak mały (Polak mały, Polak mały)
Jaki znak Twój? Torba z białym (Torba z białym, torba z białym)
Gdzie Ty mieszkasz? Na strzeżonym (Na strzeżonym)
W jakim kraju? Tym popierdolonym (Uh)
Czym ta ziemia? To mój zamek z piachu (Zamek z piachu)
Czym zdobyta? Propagandą strachu
Czy ją kochasz? Bardzo, mówię szczerze (Mówię szczerze)
A w co wierzysz? W nic nie wierzę
Kto ty jesteś? Polak mały
Piękny mój krajobraz ujebany jest w bilboardach cały
Zdarzy się, że widzę znajomego na wieżowcu czasem
Proszę, by przestali, lecz się śmieją, mówią: ""
Dobra stary, Ty no, kurwa, weź
""
W WWA się buja blokas cały
Słucham swoich prevek, jak Cię wnerwiam, no to dzwoń na pały
Słyszę te koguty gdzieś na Muranowie, bo zapiały
Te syreny ciągle wyją, te syreny oszalały

[Refren: Taco Hemingway]
Tańczę polskie tango
Nogi w błocie mam, bo Wisła to grząskie bagno
Narodowe barwy mamy jak Santa Claus
I to ma sens, bo przestałem wierzyć w Polskę dawno
Tańczę polskie tango
Nogi w błocie mam, bo Wisła to grząskie bagno
Narodowe barwy mamy jak Santa Claus
I to ma sens, sens, sens, sens, sens

[Zwrotka 3: Taco Hemingway i 
Łona
]
Główną misją dla nich mówić Ci, że żyjesz świetnie
Tylko ty masz rację, reszta świata żyje w błędzie
Horyzont jest ładny, ale spróbuj patrzeć węziej
(
Patrz trochę węziej, patrz trochę węziej
)
Wrogiem jest szczepionka i 5G
Dorosłych edukuje byle stronka na FB
Twój bratanek jest pedałem, bo jest moda na gender
A najbardziej antypolska jest nagonka na węgiel, wiesz?
A little węgiel never killed nobody
Palę czarne złoto z ziomkami
Tak czy siak, Bóg z nami, chuj z wami
Trzy Zdrowaśki, Alleluja i do przodu — jazda z kurwami, wow"
Taco Hemingway,6 zer,"[Intro]
No a teraz porozmawiajmy o pieniądzach. Zauważyliście?
Wszyscy teraz rozmawiają o pieniądzach...

[Zwrotka 1]
Idę ulicami gapiąc się na panny hoże
Czarne płaszcze, czarne rury, no i czarne Roshe
Rozbity iPhone 6, choć zarabia marne grosze
Nie pytam skąd ma hajsy, jeśli chce tańczyć to bardzo proszę
Widzę jednak, że niechętna, dobry Panie Boże
Może tamta będzie chciała, jeśli ta nie może?
Plączę mi się język, same dziwne zdania tworzę
Będzie dwója z plusem, może trója minus, Panie Psorze?
Białe gówno ptaka ozdobiło czarne Porsche
Wewnętrzna kieszeń płaszcza, zawsze w niej browary noszę
Jak początek miesiąca to Grolsche, koniec miesiąca to Łomże
Mama pyta czy chcę jakiś przelew. Mówię: „bardzo proszę""

[Refren]
Sześć zer, chciałbym kiedyś zrobić sześć zer
Barman pyta mnie czy polać jeszcze. Bardzo proszę
Ktoś mnie pyta z kim tu jestem
Ktoś inny mnie pyta czy chcę w pysk. Mówię: „bardzo proszę""
Wyrastają guzy, niby Karkonosze
Jestem ateistą, ale niech mi dobry Pan pomoże
Zobaczyłem wszystko, chyba wrócę i się spać położę
Barman pyta czy chcę jeszcze. Bardzo proszę
(Oh-o-o), bardzo proszę, wyrastają guzy, niby Karkonosze
Jestem ateistą, ale niech mi dobry Pan pomoże...

[Zwrotka 2]
W tym pokoleniu, na umowie-zleceniu
Nie gada się o przyszłości i ZUSie, ubezpieczeniu
Ci ludzie nie chcą gadać o wpłatach na lokatach premium
I polityce tych pozycji raczej nie mamy w menu
(Ale, ale) idę na balet i żyję wspaniale
Sobie zapalę i wypiję, żeby zalać te żale
Rano zamówię Domino's, choć miałem dietę mieć inną
Niż dietę piwną. Od lutego zacznę ćwiczyć na stałe
Na Facebooku same sześciopaki
Koledzy przechwalają się jak jakieś przedszkolaki
Same zdjęcia z siłki, jak pulsują typom wszelkie żyłki
Jutro da zdjęcie z teatru, tak dla niepoznaki
Ludzie raczej słabi są, ja to słabo znoszę
Czarne dziury się podają za polarne zorze
Kto Fifiemu poda rękę kiedy zaniemoże?
Barman pyta czy polać kolejkę. Mówię: „Bardzo proszę.”

[Refren]
Sześć zer, chciałbym kiedyś zrobić sześć zer
Barman pyta mnie czy polać jeszcze. Bardzo proszę
Ktoś mnie pyta z kim tu jestem
Ktoś inny mnie pyta czy chcę w pysk. Mówię: „bardzo proszę""
Wyrastają guzy, niby Karkonosze
Jestem ateistą, ale niech mi dobry Pan pomoże
Zobaczyłem wszystko, chyba wrócę i się spać położę
Barman pyta czy chcę jeszcze. Bardzo proszę
(Oh-o-o), bardzo proszę, wyrastają guzy, niby Karkonosze
Jestem ateistą, ale niech mi dobry Pan pomoże...

[Zwrotka 3]
Wiosenny piątek. Jadę nocą na tym Veturilo
Nie powinienem, bo wypiłem to czerwone wino
Chciałbym powiedzieć teraz, że uciekam przed policją
Ale zapamiętaj: życie to nie Ale Kino
Smak naszego życia to wygazowane piwo
Nasze romanse ustępują wszystkim Harlekinom
Zamiast czarnej limuzyny zbity pysk, duże czarne limo
Nie szukaj Scarlett, jak nie jesteś Rudolph Valentino
To jest Polska, tutaj stale zimno
Ten kabriolet chowaj, ziomki momentalnie gwizdną
Każdy tutaj gwiżdże do re mi fa sol la si do
To melodyjny kraj. Muzykantów takich tutaj milion
Mam dwadzieścia parę lat, moje plany giną
Kręcę się po mieście z wiecznie zblazowaną miną
Mózg jak karabin, mógłbym zabić kogoś, zgładzić myślą
Ciągle w pogoni za tą straszną liczbą
Czyli sześć zer
Chciałbym kiedyś zrobić sześć zer
Sześć zer
Chciałbym kiedyś zrobić sześć zer

[Refren]
Sześć zer, chciałbym kiedyś zrobić sześć zer
Barman pyta mnie czy polać jeszcze. Bardzo proszę
Ktoś mnie pyta z kim tu jestem
Ktoś inny mnie pyta czy chcę w pysk. Mówię: „bardzo proszę""
Wyrastają guzy, niby Karkonosze
Jestem ateistą, ale niech mi dobry Pan pomoże
Zobaczyłem wszystko, chyba wrócę i się spać położę
Barman pyta czy chcę jeszcze. Bardzo proszę
(Oh-o-o), bardzo proszę, wyrastają guzy, niby Karkonosze
Jestem ateistą, ale niech mi dobry Pan pomoże...
Bardzo proszę

[Tekst i adnotacje na Rap Genius Polska]"
Taco Hemingway,Następna stacja,"[Zwrotka 1]
Jarzyna miał urodziny, pojechałem na Młociny
Rano kac dopiero przyszedł, gdy mijałem Wawrzyszew
Stale pijany, mijam Stare Bielany
Stale nabuzowany, w starych ubraniach, stale zaspany
Jakbym był religijny to bym poszedł na spowiedź
Ale mam kłopoty z Bogiem, myślę widząc Słodowiec
Powietrza wylot gdzieś przy metrze Marymont
Znów nie starczyło mi na wydech, muszę wyjść na ląd
Jedząc kanapkę, strasznie mlaszcze chłopak
A to dopiero Plac Wilsona, chyba zaraz skonam
Artysta z teką myśli, że jest Matejką, a może Banksym
Ale brak mu wyobraźni, zaraz Dworzec Gdański
(NASTĘPNA STACJA) - Ratusz Arsenał
Przedniojęzykowe „ł"", a ja cierpię katusze teraz
Zamykam oczy i wróżę, że to już Świętokrzyska
Wraz z kebabem wsiedli ludzie, mieląc mięso w pyskach

[Refren]
(NASTĘPNA STACJA): litr wina i pół wódki
I sześć szlugów, byś palił i snuł smutki
(NASTĘPNA STACJA): litr wódki i pół wina
Koniec lipca, za chwilę już znów zima
Jak partyzant w tym smutnym jak pizda mieście
Kac gigant i pizza na tłustym cieście
(NASTĘPNA STACJA): w tym smutnym jak pizda mieście
Kac gigant i pizza na tłustym cieście

[Zwrotka 2]
Słyszę grę na krześle, to musi być Centrum
Nawet nieźle, niech ktoś werbel mu kupi i wręczy mu
Męczy mnie ból, gdy mijam Politechnikę
Jakiś typ chce moje miejsce chyba, stoi i łypie
(NASTĘPNA STACJA): Pole Mokotowskie
Zakonnica zasmucona czyta Słowo Boskie
W wagonie głucha cisza, zaraz metro Racławicka
Wszyscy trochę zaniedbani, każdy pas zaciska
Panowie bez żon, penisy ich świerzbią
Rozmawiają o kobietach, kiedy mijamy Wierzbno
Język spotyka zęby, a tam wina posmak
Ale to już ostatnia kropla, zaraz Wilanowska
Wyjść muszę, już nie mogę dłużej
Deszcze, burze od skroni po móżdżek, tu dopiero Służew
Już wiem! Znowu nie uzupełniłem płynów
Butle wody wprawiam w ruch, synu, już Ursynów
Chyba, fatalnie widzę, muszę ściąć włosy
Mam tego już naprawdę dosyć, mijam Stokłosy
Wczoraj demony, chyba piłem z nimi kielich
Błagały, żebym dzielił się z nimi, zaraz Imielin
A teraz bądźcie cisi jak jacyś mnisi z Shaolin
Bardzo mnie głowa boli, no słyszysz? Zaraz Natolin
I nagle wiem, że wpadłem w tarapaty (Uh)
Ostatnia stacja: Kabaty

[Refren]
(NASTĘPNA STACJA): litr wina i pół wódki
I sześć szlugów, byś palił i snuł smutki
(NASTĘPNA STACJA): litr wódki i pół wina
Koniec lipca, za chwilę już znów zima
Jak partyzant w tym smutnym jak pizda mieście
Kac gigant i pizza na tłustym cieście
(NASTĘPNA STACJA): w tym smutnym jak pizda mieście
Kac gigant i pizza na tłustym cieście

[Zwrotka 3]
Rodzina się pewnie modli i tęskni
Pewnie na pielgrzymce są u Matki Boskiej Licheńskiej
Bo ten melanż trwał mniej więcej ile Kongres Wiedeński
Ale wracam, łapię metro, stacja Dworzec Wileński
IPhone dzwoni, ale nie mam chęci na rozmowy
Stoi praska dziunia w stroju disco-barokowym
Teraz pociąg mija szybko stację Stadion Narodowy
Kupowało się tu GTA, no i Eminema album nowy
Centrum Nauki Kopernik
Chłopak w dredach trzyma plecak, w tym plecaku ma zielnik
Wciąż pijany, marihuany woń łagodzi skroń
Uśmiecham się doń, wychodzi jednak jakiś bezczelny
Akordeonista wsiadł na stacji Uniwersytet
Kocha grać cygańskie rytmy, ale lubi też krzyczeć
Daję mu dwa złote bowiem również lubię muzykę
Choć w sumie wagon metra mu rujnuje akustykę
Metro Świętokrzyska
Wraz z kebabem wsiedli ludzie, mieląc mięso w pyskach
Jedna bestia, trza jej zdobyć sto pęset
Ostry sosik plami bluzę gdzieś przy Rondo ONZ
Mógłbym dobę tak się wgapiać w niego
Zwykła podróż metrem, ile tu jest wrażeń z tego
Ale koniec tej przejażdżki, muszę wyjść, znowu patrzeć w niebo
Ostatnia stacja Rondo Daszyńskiego

[Refren]
(NASTĘPNA STACJA): litr wina i pół wódki
I sześć szlugów, byś palił i snuł smutki
(NASTĘPNA STACJA): litr wódki i pół wina
Koniec lipca, za chwilę już znów zima
Jak partyzant w tym smutnym jak pizda mieście
Kac gigant i pizza na tłustym cieście
(NASTĘPNA STACJA): w tym smutnym jak pizda mieście
Kac gigant i pizza na tłustym cieście

[Tekst i adnotacje na Rap Genius Polska]"
Taco Hemingway,Wszystko jedno,"[Intro]
Libacje tam takie wyprawiają, dziwki byle jakie sprowadzają, wódką chyba nawet handlują, bo jak się popiją to łomot, krzyki, wrzaski. Nie wiadomo co się tam dzieje, firany się u mnie bujają, żyrandol się trzęsie, a uwagi to nie daj Boże zwrócić – takie tam towarzystwo

[Zwrotka 1]
Wybrały się do klubu z koleżankami z UW
Wzięły po parę buchów i oczekują cudów
Oczekiwały cudów, nie spodziewały się brudu
Chciały przebojów, ale słyszą tylko łubu-dubu
Niechaj nam żyje prezes, to znaczy DJ klubu
Coś tam miksuje sobie i odczuwa wiele trudu
A nasze koleżanki, piękne jak lalki Barbie
Pod koniec tańców wyglądają jak laleczki voodoo
Jeden Pan się wozi, jakby miał z osiem fiutów
Ray-bany w klubie? Myśli chyba, że jest Bono z U2
Ten biały kruk… Szybko przypadłaś mu do gustu
Czerwona szminka, czarna szpilka, czerwień wina w mózgu
I chęć na biel, On jest fanem White Stripesów
Więc zaprasza do siebie, tu mało miejsca do tańców
Czy iść się z panem bratać z dala od tego tłumu?
Pora na antrakt, chyba trzeba się zapytać chóru

[Refren 1]
Wszystko jedno, wszystko jedno
Bierz go, jedz go, kiedy leży jak drewno
Niechaj wejdzie wewnątrz, wpuść go wewnątrz
Prosto w krew, serce i sedno, wszystko jedno, wszystko jedno
Każdy król kiedyś upuści swoje berło
Wszystko jedno, wszystko jedno
Mury wokół Twego serca legną
Ja… umrę dziś, a Ty ze mną

[Zwrotka 2]
Leci za Księciem, raz, dwa, już czeka na nich taksa
Napięcie ciągle wzrasta, wsiada więc ta niewiasta
Panience chce się klaskać, mieszkanie w centrum miasta?
Dałaby się pochlastać, żeby tu spać
Najpierw – narkotyki, potem – czar muzyki
Butlę porto chwycił i jedną czwartą wypił
Teraz jego nozdrza dyszą jak dwa czarne byki
Najpierw były czułe słowa, potem koszmarne krzyki
Czar się ziścił, uh-huh, czar się ziścił
Ona jak sarna piszczy, a on tę sarnę zniszczy
Sarny umysł się iskrzy, telefon krzyczy i piszczy
A nasz bohater głośno krzyknął, a teraz milczy
Skóra owcza, apetyt wilczy
Rano zrzuci to na butle wina, a pił trzy
Ona wychodzi, on dostrzega jakąś butlę rumu
Czy pić coś jeszcze? Chyba musi iść zapytać chóru

[Refren 2]
Wszystko jedno, wszystko jedno
Bierz to, chlej wciąż, potem legniesz jak drewno
Otwórz tylko usta i zawartość wlewaj wewnątrz
Prosto w krew, serce i sedno, wszystko jedno
Każdy król kiedyś upuści swoje berło
Wszystko jedno, wszystko jedno
Mury wokół Twego serca legną
Ja… umrę dziś, a Ty ze mną

[Zwrotka 3]
Piękny warszawski piątek, pełen przekąsek, zakąsek
I ludzi, którzy gubią wątek
Leje się alkohol, a w lokalu dzisiaj komplet
Nasza bohaterka wodzi za kimś wzrokiem
Szuka Księcia
Gwoli rymu damy mu na imię Piotrek
Pisała siedem dni, teraz się boi, że ten Piotr pękł
A dla niej On to filet mignon
W tym kraju, w którym każdy chłopiec jest jak mielony kotlet
Dla niej On to mniej więcej Jude Law
W kraju, w którym każdy chłopiec to jest jełop i oblech
Teraz widzi gdzieś go w tle, więc łapie oddech
On chyba też ją zauważył, lecz zachował się podle
Zabrakło papierosów, doszła do wniosku
Żeby zagadać dżentelmenów niemówiących po polsku
Wraca wtem do środka, widzi, że jakaś trzpiotka
Zagaduje jej Piotrka, kurwa mać
Z tylu osób zagaduje jej chłopca? Jebany rekord!
Buzia jak Brodka i do dwunastego żebra dekolt
Nosi rury i szpilki, On kupuje jej drinki
I wertuje klucze w płaszczu, robiąc głośny klekot
Usta tamte uchylone, a jej wzrok prosi
O jego wnętrzności, bierze oddech i się pierś wznosi
Widzi to Piotrek i zamawia Taxi Grosik
Myśląc jeszcze jakim trunkiem koleżankę ugości

[Refren 2]
Wszystko jedno, wszystko jedno
Bierz to, chlej wciąż, potem legniesz jak drewno
Otwórz tylko usta i zawartość wlewaj wewnątrz
Prosto w krew, serce i sedno, wszystko jedno
Każdy król kiedyś upuścił swoje berło
Wszystko jedno, wszystko jedno
Mury wokół Twego serca legną
Ja… umrę dziś, a Ty ze mną

[Zwrotka 4]
Naszej bohaterce chce się płakać
I jeść Maca, jest blisko Skarpy, pójdzie skakać
Przecież też ma ładne ciało, śliczny brzuch i cycki
Ale rzeczywiście tamta ma te długie łydki
Naszej bohaterce się łamało serce nieraz
Ale to, co widzi teraz, ją zabija niemal
Oto przechodzą obok niej, panie, panowie, co za scena!
Piotrek kiwnął głową i powiedział: „O, siema!”
„Kurwa mać. O, siema? Panie Bohema?
Prezerwatywy?, O, nie mam!
Panie szybki orgazm, uważaj, bo strzelam
Panie puszczam Jacka White'a, gdy dziewczynę rozbieram?”
Nagle cichnie muzyka, Piotrek ślinę przełyka
Bo w jego głowie wielce szybka matematyka
Uśmiechając się pięknie, łapie tamtą za rękę
Kilka kroków w przód i wsiadają do Grosika

[Tekst i adnotacje na Rap Genius Polska]"
Taco Hemingway,Deszcz na betonie,"[Zwrotka 1]
Wracam ekspresem do Warszawy
Zostawiłem ją w hotelu mówiąc ""lecę, bo mam sprawy""
Każdy problem, jaki miałem, jest już przeterminowany
Wracam do muzyki jeżeli ten eter mi wciąż dany
Półtora roku, a mój PESEL ci wciąż znany huh?
Wszyscy dookoła wiecznie biją pianę
Ty pytałeś gdzie jest Fifi, na wybrzeżu był schowany
Tam spędziłem całe lato marmurowe liżąc rany
W mojej głowie dwa się różne gryzą światy
Chcę być poza głównym nurtem, ale kusi widmo platyn
Z jednej strony chciałbym kiedyś znów się wzruszyć pisząc rapy
Z drugiej chciałbym robić hajs, nie czuć w sumie nic poza tym
Wymyśliłem nowy projekt, który mi rozgromi blok pisarski i rozgromi w głowie mury
Ale teraz siedzę w Warsie z kubkiem pociągowej lury
Bojąc się, że nie zapomnę nigdy woni twojej skóry

[Refren]
Twoja skóra pachnie jak ostatnie dni wakacji
Dziś powietrze pachnie jak ostatnie dni wakacji
Deszcz na betonie, deszcz na betonie
Twoja skóra pachnie jak ostatnie dni wakacji
Po co mi ten pociąg, skoro ciebie nie ma na stacji
A melodia się urywa niby Hejnał Mariacki
Twoja skóra pachnie jak ostatnie dni wakacji
(Jak ostatnie dni)
Dziś powietrze pachnie jak ostatnie dni wakacji
(Jak ostatnie dni)
Deszcz na betonie, deszcz na betonie
Twoja skóra pachnie jak ostatnie dni wakacji
(Jak ostatnie dni)
Po co mi ten pociąg skoro ciebie nie ma na stacji
A melodia się urywa ni...

[Zwrotka 2]
Zakochani ludzie chcą patosu
Ja się staram być przyziemny i mam na to sposób
Nie powiem ci, że twa obecność jest jak dar od losu
Albo śpiew skowronków, albo pierdolony kwiat lotosu
(Raczej jak) po poranku zapach porządnej kawy
Krótki rękaw w letni dzień, zapach koszonej trawy
Pełen bak, pusta droga, seria zielonych świateł
W radiu utwór jednej z twoich niedocenionych kapel
(Jesteś jak) nieoczekiwany zwrot podatku
Długi weekend dla tych utopionych w korpoświatku
Gdy wszyscy wokół brzmią nijak, twój głos wciąż spijam
Tak jak szum winyla o poranku
Dźwięk ulewy, która tłucze o beton
Bębni w szyby, gdy zasypiasz solo tudzież z kobietą
Gdy się budzisz o zmroku, chwilowy czujesz niepokój
Łapiesz kurtkę, wszystko jest: portfel, klucze, telefon

[Refren]
A jej włosy pachną jak ostatnie dni wakacji
Dziś powietrze pachnie jak ostatnie dni wakacji
Deszcz na betonie, deszcz na betonie
Twoja skóra pachnie jak ostatnie dni wakacji
Po co mi ten pociąg, skoro ciebie nie ma na stacji
A melodia się urywa niby Hejnał Mariacki
Twoja skóra pachnie jak ostatnie dni wakacji
(Jak ostatnie dni)
Dziś powietrze pachnie jak ostatnie dni wakacji
(Jak ostatnie dni)
Deszcz na betonie, deszcz na betonie
Twoja skóra pachnie jak ostatnie dni wakacji
(Jak ostatnie dni)
Po co mi ten pociąg skoro ciebie nie ma na stacji
A melodia się urywa ni...

[Zwrotka 3]
Pociąg ekspresowy zmierza na postój
Centrum Warszawy, nikt na mnie nie czeka na dworcu
Incognito, kiedy nie mam zarostu
W internecie mnie nie szukaj, raczej nie ma tam postów
Moje słowa zawsze skromne, raczej nie ma tam ozdób
Intencje dobre, raczej nie ma tam kolców
Życie się zmieniło, gdy zacząłem śpiewać po polsku
Teraz muszę uciekać, do zobaczenia na wosku

[Refren]
Twoja skóra pachnie jak ostatnie dni wakacji
Dziś powietrze pachnie jak ostatnie dni wakacji
Deszcz na betonie, deszcz na betonie
Twoja skóra pachnie jak ostatnie dni wakacji
Po co mi ten pociąg, skoro ciebie nie ma na stacji
A melodia się urywa niby Hejnał Mariacki
Twoja skóra pachnie jak ostatnie dni wakacji
(Jak ostatnie dni)
Dziś powietrze pachnie jak ostatnie dni wakacji
(Jak ostatnie dni)
Deszcz na betonie, deszcz na betonie
Twoja skóra pachnie jak ostatnie dni wakacji
(Jak ostatnie dni)
Po co mi ten pociąg skoro ciebie nie ma na stacji
A melodia się urywa ni...

[Tekst i adnotacje na Rap Genius Polska]"
Taco Hemingway,KABRIOLETY,"[Zwrotka 1: Taco Hemingway]
Lubię Kabriolety, drogi wóz‚ ale leję diesel tani do bety
Robię  wrum wrum‚ krzyczy moja pani ""O rety!""
Tequila‚  sexo, marijuana, same tanie podniety (
Ooh!
)
Ale w lato w bani żadne konkrety
Trudno już‚ taki mam fetysz
Trudno,  taki apetyt
When  I was seventeen opalałem, gramy‚ saszety
Dzisiaj rzadko, lecz vibe ciągle taki jak wtedy
Otwórz  portmonetę, sprawdź czy masz hajsy na kiepy
Dwa, trzy, osiem, oh, no nie starczy, niestety (
O-oh!
)
Moi ludzie są jak Glany Martensy
Twoi ludzie są jak Nike na rzepy
Widzę  ich kiedy chadzam na warszawskie balety
Kiedyś uwięziony w chacie przez szatańskie wersety
Muszę rano wstać, bracie, bo mam grafik napięty
Ale tego się nie dowiesz z żadnej taniej gazety, (
U-uu!
) nie

[Refren]
Jadę dalej i zmieniam bieg
Jadę dalej

[Zwrotka 2: Taco Hemingway]
Mieszam w kubku wódę pół na pół z gazowaną
Napój, który będę leczył czarną kawą rano
Igi dzwoni, paparazzi znów nas złapał - słabo
My z ekipą, Bogu dzięki japy zamazano
Ostatnio nas gonią kawalkadą
Idę w dresie, chcą mnie złapać z jakąś Balenciagą
Piszą, robią zoomy i się przyglądają wadom
Nie napiszą o tym, że z kolegą wyprzedałem stadion
Za oknem lipcowe autobusy
159 robi tu przez miasto cruisin'
Myślę o tym kiedy nim jeździłem do liceum
A na kacu jest to myśl, która bardzo wzruszy, uh
Lubię, gdy się lód bardzo kruszy
Lubię ludzi, lubię głośnych, nienawidzę głuszy
Lubię konkret, nie lubię wróżyć
Chcę mieć na swojej drodze progres, nie lubię kluczyć
Każdy kto ma wiedzieć, wie dobrze, nie muszę mówić
Jeśli nie jesteś moim ziomkiem, nie muszę lubić
Muszę kupić nieruchomości, nie wódę kupić
Już nie rozbijam się po ośce jak doktor Lubicz
To nie jest męskie granie chłopcze, nie korpo music
Nie mini vany, tylko oldschool Volvo cruisin'
Jak tego słuchasz teraz w aucie, jedź wolno, kuzyn
Rest in peace, młody Leh, wieczny pokój duszy

[Refren]
Jadę dalej i zmieniam bieg
Jadę dalej

[Zwrotka 3: Taco Hemingway]
Znów chyba zrobię trzecią zwrotkę, a potem czwartą, wiesz
Lubię wieczory co kończą się konsternacją, wiesz
Gdy dają mandat i lubię gdy portfel kradną, więc
Smutno mi, że nie dostałem już w mordę dawno
Lubię, gdy się w klubie tłuczą butle
Gdy alkoholicy sobie bzdury mówią smutne
Lubię, lubię, gdy się różne mury burzą ludzkie
Nad Warszawą grubo-chude chmury wróżą burdę
Tottenham nie wygrał, leję sobie dużą wódkę
Biorę Bunia, biorę łyka dawaj drugą rundkę
Ale bez smutku to istnienie byłoby dużo pustsze
Widziałem w życiu wiele, ale nigdy kurwy w lustrze (
Nie, nie
)
Wstaję w pół do szóstej, budzi Gucci Mane
Czuję się jak Bruce Wayne, lecz nie budzę jej
Rock you, rock you like a hurricane
Dzisiaj studio day
Czekaj, czekaj na mnie z rumem, będę późno babe

[Refren]
Jadę dalej i zmieniam bieg
Jadę dalej
(
Ciii
)

[Zwrotka 4: Taco Hemingway]
Robi Fifi postęp, biję rekord jakby rekord wisiał mi pieniądze
Po cichu znajdę drogę, nie pytam i nie błądzę
Jak się ogolę, media płaczą za mym lichym wąsem (
Uh
)
Za drinem woda, a dopiero potem drin
Jestem Bonaparte, ona moja Josephine
Moja rakieta spoza twojej ligi
Z moją rakietą pykam sobie w Rocket League
Piję wino w Saint-Gilles, mów mi Saint-Philippe
Leci Mobb Deep, czytam Moby Dick
Leci A$AP Rocky z Moby'm, tworzę sobie nowy hit
Twierdzą, że ulica ziomy, ale to sezamkowy street, uh

[Refren]
Jadę dalej i zmieniam bieg
Jadę dalej

[Zwrotka 5: Taco Hemingway & 
goście z pozostałych utworów
]
W garażu chcę cabrio, nie maluch
Biegam za tym sam jak palec
Robię cardio jak Paluch
Nikim nie gardzę, trzymam gardę
Zdzieram gardło dla fanów
Biorę tu bardzo drogą szklankę
Sprawdzam saldo nazajutrz
Mam trochę drogich mebli, parę nowych obrazów
Ale wokół te same twarze, te same ziomy od lat tu
W szkole stawiałem na przyjaźnie
Tyle ci powiem od razu
Bo miałem w poważaniu liczbę atomową potasu
W kraju, w którym ludzie nienawidzą swoich rodaków
""Pomoc dla niepełnosprawnych, kurwa, z moich podatków?
Nie ma szans!""
Ciągle martwię się o młodych Polaków
Jedyny pomysł to się zabić lub spierdolić na zachód
Chociaż w sumie nie, bo się bardzo boisz arabów
Boisz pedałów, boisz wrogów oraz swoich sąsiadów
Na szyi szubienice obok coraz droższych krawatów
Jedyny sposób to się napić, zdrowie moich kamratów
Na zdrowie
Za sklepy monopolowe, za puste butle
I pełne sale porodowe
Na zdrowie
 (
Dawid Podsiadło
)
Za wybory samorządowe
Za stare obietnice, przebierane w nowomowę
Na zdrowie
 (
Kizo
)
Za czasopisma kolorowe, za tani browar
Za zdrapki i gry losowe
Za psychotropy i narzeczone kryzysowe
Tanie motele, gumki i papiery rozwodowe
Na zdrowie
 (
Ras
)
Za tanie wódki owocowe
Za łatwowiernych szefów i zwolnienia chorobowe
Na zdrowie
 (
schafter
)
Za rosnące dziury ozonowe
Darmowy parking i samochody osobowe
Na zdrowie
 (
Pezet
)
Za kwiaty ze stacji benzynowej
Na walentynki, rocznice i święto kobiet
Na zdrowie
 (
Rosalie.
)
Kończę i rzucam pocztówkę w obieg
Z pozdrowieniami, twój Fifi, pospolity człowiek
Na zdrowie"
Taco Hemingway,Nostalgia,"[Refren]
Kiedy wieczór zmienia się w świt, coś dobija się do mych drzwi
Ayy, ayy, nostalgia
Kiedy luty zmienia się w lipiec, nie dam rady się przed nią kryć
Wiem, wiem, nostalgia (ayy)

[Zwrotka 1]
W sierpniu wnętrze auta jak piekło, w głowie ciągle lat mam dwadzieścia
Chociaż jestem już przed trzydziestką (ayy, ayy), ciągle zbawić chcę cały wszechświat
Gdy się pierwszy raz czułem męsko (ayy, ayy) zapragnąłem nigdy już nie spać (ayy, ayy)
Bo to strata czasu, ayy
Białe wino kupione w Tesco, pierwsze miejsce na jakichś testach
Ulicami niosłem się lekko, krzyki Krakowskiego Przedmieścia
Uciekałem przed Strażą Miejską i nie bałem się, bowiem ten strach
To strata czasu, ayy
Miałem parę dziewczyn na ulicy Koziej
Czasem idzie dosyć gładko, czasem idzie gorzej
Gdy młodzieńcza zazdrość staje mi na drodze
“Jak ona podoba Ci się, no, to idź się ożeń!”
Heh, to był chyba rok 2009 (2009)
Może jednak później, tak do końca nie wiem (tak do końca nie wiem)
Nie wiem skąd ten smutek, znów mnie dopadł czerwiec (czerwiec)
Ja na słońcu blednę (blednę), chowam się na mieście (mieście)

[Refren]
Kiedy wieczór zmienia się w świt, coś dobija się do mych drzwi
Ayy, ayy, nostalgia
Kiedy luty zmienia się w lipiec, nie dam rady się przed nią kryć
Wiem, wiem, nostalgia (ayy)

[Zwrotka 2]
W dzień odsypiam nocne zabawy, szczerze mówiąc wciąż mam ten nawyk
Zapraszałem ją do mieszkania, kątem oka widzę jej stanik
A rok później mamy się za nic, na wieszaku ciągle jej szalik
Co za strata czasu, ayy
Ciągle czekam aż wpłynie pensja (pensja), którą wydam pewnie na bzdurę (bzdurę)
Ziomek mi powiedział, że mam potencjał (-tencjał), który najprawdopodobniej zmarnuję (zmarnuję)
Nie potrafię dokończyć ""Mięsa"" (""Mięsa""), to pisanie chyba mi nie w smak (nie w smak)
Co za strata czasu, ayy
Przeminęły lata, ja z tym samym składem (eh)
Chociaż trochę z nas wychodzą małe chamy latem (ay)
Półtora dekady temu miałem ""Damy Radę"" (gdzie?)
Na CD, dzisiaj lecę takim samym śladem (takim samym śladem)
Teraz każda mała wada nagrywana w HD (eh)
Bogu dzięki nasze gafy przeminęły z wiatrem (ay)
Dzisiaj zawsze się uśmiecham, gdy na błędy patrzę (ay)
Z perspektywy czasu wszystkie raczej niezbyt ważne (wszystkie chyba niezbyt ważne)

[Bridge]
Disco, disco
Dziś nie wyszło, czysta disco
Moja bliska przyszłość
Czysta disco, ayy, dziś nie wyszło (wyszło)
Czysta disco, ayy
Wszędzie, wszyscy, wszystko

[Outro]
Bistro, Wisła, czysta, disco
Miałem pisać, dziś nie wyszło
Bistro, Wisła, czysta, disco
Moja bliska przyszłość
Bistro, Wisła, czysta, disco
Miałem pisać, dziś nie wyszło
Bistro, Wisła, czysta, disco
Wszędzie, wszyscy, wszystko
Bistro, Wisła, czysta, disco
Miałem pisać, dziś nie wyszło
Bistro, Wisła, czysta, disco
Moja bliska przyszłość
Bistro, Wisła, czysta, disco
Miałem pisać, dziś nie wyszło
Bistro, Wisła, czysta, disco
Wszędzie, wszyscy, wszystko
Szprycer

[Tekst i adnotacje na Rap Genius Polska]"
Taco Hemingway,"Marsz, marsz","[Zwrotka 1]
Wbijam tam z grubej rury, upijam się, mówię bzdury
I zaraz dostanę mandat, bo warczy ten kundel bury
Funkcjonariusza widzę, co łypie ze suczej fury
Bo widział, jak tańczę w kroplach deszczyku z tej rudej chmury
Drga mi grdyka, nie słyszę, bo gra muzyka
Te dziewki ciągną te kreski, nie wspomną o Mazowieckim
Me serce znów za mną tęskni, bo znowu te lufy łykam
I całe od kul dziurawe i jak Rambo kuśtykam
W tym mieście nikt już nie tańczy
W tym mieście tango to frykas
Panowie owocowi chcą bananem mango dotykać
Gardło nam usycha po narkotykach
Każdy się z czartem i niefartem i ze szklanką boryka
Biały proch Ci leci na czarne szpilki
Pewnie wciągasz biel, jak kiedyś wciągałaś Big Milki
Jestem tu, powiedzieli mi, że wyszłaś o pierwszej
A twoje usta się błyszczały jak lipcowe czereśnie

[Refren]
Ciebie znowu nie było
Gdybyś nie istniała, miastu by wygodniej się żyło
Jestem tu, byłem tam
, zresztą w sumie, kto nie był?
Jest tu cała WWA, z wyjątkiem Ciebie
Jestem tu, byłem tam, poszłaś z koleżankami
Na tych nogach, które ja nazywam karabinami
No, to marsz, marsz
Marsz, marsz, marsz

[Zwrotka 2]
Szukam cię po shot barach
Z dziewczynami wyglądacie, jakbyście były na Oscarach
Ja i koledzy oświadczymy wam się od zaraz
Choć stanowimy pewnie jakąś bandę ciot dla was
Wiążesz włosy w cebulę
I pewnie świat Cię denerwuje jak Alutka Jędrulę
Pewnie Cię bolą oskrzela, a teraz dymem je czule
Opatuliłaś i zamawiasz sobie wódkę z Red Bullem
Latacie po mieście jak Bójka, Bajka, Brawurka
Dźwigając swoje atrybuty: wóda, szampan, bibułka
Dzika jak pustynne kresy, stepy, tajga i dżungla
A twoje rzęsy wobec mężczyzn są jak łańcuch dla kundla
Szukasz zapalniczki, ja bym dał Ci ogień
I nękał wzrokiem jak proboszcz, który gwałci Bogiem
No, 
mon dieu
, wciąż kochasz mnie, ja w to nie wątpię
Chociaż w zeszły piątek przecież poszłaś za tamtym Piotrkiem

[Refren]
Ciebie znowu nie było
Gdybyś nie istniała, miastu by wygodniej się żyło
Jestem tu, byłem tam
, zresztą w sumie, kto nie był?
Jest tu cała WWA, z wyjątkiem Ciebie
Jestem tu, byłem tam, poszłaś z koleżankami
Na tych nogach, które ja nazywam karabinami
No, to marsz, marsz
Marsz, marsz, marsz

[Zwrotka 3]
Lubisz muskulaturę
Gestykulujesz, jakbyś znów zdawała ustną maturę
Gdy ciebie widzę, momentalnie zamiast mózgu mam dziurę
Chce z tobą chadzać po knajpach, zamawiać kuskus na spółę
Potem w nocy się kochać i rano zamawiać pizzę
Bo jesteś fajna i dobra, tylko że w złym towarzystwie
Wolicie koksować w loftach, my raczej browar przy Wiśle
Może cię pojmam i koszmar ci zrobię, żeby się przyśnić?
Okej, za daleko
Ale chyba się zatrułem znów nóżkami z galaretą
Jutro będzie masa Ibupromów, potem kawa, mleko
Ale póki mogę, się na nogi dzisiaj stawiam setą
Gorzka ruda chmura znowu kropi
Zastanawiam się co robisz i gdzie teraz stawiasz kroki
I dlaczego mi nie odpisujesz, kurwa, błagam, odpisz!
Nagle jesteś, rzucam setką gdzie popadnie, bo nie zdążę jej dopić
No, i…
Butla się tłucze o chodnik
Idzie jakaś para do taksówki, chyba to Grosik
A ty drąc się wniebogłosy do chłopaka podchodzisz
I krzyczysz coś, co sugeruje, że się znacie z przeszłości
Ile minęło sekund? No, maks trzy
On bierze tamtą drugą i ją rzuca do taksy
To jest jest ten cały Piotr? Kurwa mać, jestem tak zły
Rzuciłbym butem w ciebie, gdyby to nie były Air Maxy
Tragicznie zakochana…
Pocieszyłbym cię, ale muszę iść do domu, żeby chlać do rana
Nie chodzi o to, że się kochasz w jakichś innych panach
Ale w tej szui, która miastu znana? Dramat
Byłem tam, zresztą, w sumie, kto nie był?
Jest tu cała WWA, z wyjątkiem ciebie

[Outro]
Zabawa, gospodarze obiecują dobry nastrój, muzykę prima i obecność dziewczyn większą niż zazwyczaj"
Taco Hemingway,Trójkąt,"[Intro]
Najciekawsze może w tej mojej całej aferze to jest świat gastronomiczny. Kelnerzy, szefowie, bogowie nocy i dnia, 
(wielcy hehe)
 wielcy i mali, w barze i w koktajl-barze, w barku i za kulisami

[Zwrotka 1]
Najpierw znika poczucie rytmu
Ale myślę: „Cóż. Może będzie jakiś zysk tu”
Potem myślę: „Chrystus, dlaczego muszę być tu”
Ale trzecia tequila zabija poczucie wstydu
Wszystkim parkiet zbrzydł już, ja nie muszę kryć już
Że alkohol tańczy ze mną walczyk po walczyku
Najpierw tańczy tango, potem coś inspirowane sambą
Wiruję w dół Karową, by wrócić na górę Tamką
Przyglądam się nastolatkom, kiedyś wychodziły rzadko
Teraz wpadły w miasta bagno i kłamią wciąż swoim matkom
Nagie nogi w szpilkach, ciekawe co na to tatko
Przechodzę na czerwonym, będzie mandat, kozacko
Rano będzie słabo, teraz sram na to
Prawda jest taka, że nie wychodziłem tak dawno…
Wracam na Krakowskie i upadam, już sam nie wiem na co
Słyszę tylko śmiech tych dziewczyn głupich i grubych jak Grzegorz Lato

[Refren]
A obok w Zakąskach za barem się pląsa Pan Roman i wtrąca w rozmowy się…
A obok w Kamieniach małżonków wciąż nie ma, więc całują słomiane wdowy się
A obok, tam w Bistro, miłości na szybko się wiążą i milkną, gdy nowy dzień
Trójkąt warszawski, trójkąt warszawski

[Zwrotka 2]
Dostać w pysk w Subway’u na Świętokrzyskiej
W Warszawie trzeba być atletą, to przede wszystkim
Rozmowy z tym bramkarzem-kotletem spełzły na niczym
Na Karową już nie wrócę dziś, co za policzek
Wychodzę na ulicę i schodzę znów na Powiśle
I brodzę po krętej drodze, telefon mi głośno piszczy
Cierpliwość tracę i zdrowie, bo znowu ta ruda pisze
A kiedy znowu mnie dorwie, znów udam, że jej nie słyszę!
Idę prosto przed siebie i mijam BUW
Mój telefon na mnie krzyczy, ja widzę, że pisze znów
Chyba złapię taksówkę, wydałem już kilka stów
Z trzysta, wciąż idę dalej i czuję już Wisły brud
Szlugi, mocz, wóda i pot, to dziwny smród
A po drugiej stronie Wisły grasuje już inny lud
Istny cud, my tu fit i jogurty i pitny miód
A tam nikt nie oszukuje się wcale i tli się szlug
Warszawa, rozdarta grubą kreską
Zamykam drzwi taksówki, proszę na Mazowiecką
Taksówkarz ględzi mi, że los ma kiepski
Ale ja słyszę śmiech tych głupich i grubych jak Tomaszewski

[Refren]
A obok w Zakąskach za barem się pląsa Pan Roman i wtrąca w rozmowy się…
A obok w Kamieniach małżonków wciąż nie ma, więc całują słomiane wdowy się
A obok, tam w Bistro, miłości na szybko się wiążą i milkną, gdy nowy dzień
Trójkąt warszawski, trójkąt warszawski

[Zwrotka 3]
Trójkąt warszawski, trójkąt bermudzki
Dziewczyny idą tyłem, a przed nimi idą sutki
Chłopcy zapominają o tym, że ich żywot krótki jest
Ernest miał rację ha, zdejmuj rurki, wpierw
Napij się wódki, cztery złote od lufki
Nie dzwoń do przyjaciółki, nie pomoże ci już dziś
To jest dorosłość, chciałaś jej od podstawówki, co?
Wolę Zozole, olej to i mnie puknij, no, chodź
Mieszka tuż obok, więc pójdę na Kredytową z nią
Jakiś typ się na nas gapi, ma dość wrogi wzrok
Chciałbym chwilę pomilczeć, ona ma słowotok
Tamta dziewczyna ciągle pisze, Chryste, po co to?
Jestem Piotr, ale mówią na mnie Łotr
Dosyć długo mam ten alias, ale nie wiem w sumie skąd
Znajdziesz go wszędzie, gdzie zapach perfum i szlugów swąd
A w dziewczęcych sercach wciąż gasły światła i psuł się prąd
(Fajnie, co?)
To mój rozumowania tok, Do you wanna fuck?
Nie mówię tego na głos, bo to zbyt radykalny krok
„Możesz wejść na chwilę, ale na nic nie licz”
A ja zamierzam się zasiedzieć jak Michał Listkiewicz

[Bridge]
PZPN, PZPN, jebać, jebać PZPN
PZPN, PZPN, jebać, jebać PZPN
PZPN, PZPN, jebać, jebać PZPN
PZPN, PZPN, jebać, jebać PZPN

[Refren]
A obok w Zakąskach za barem się pląsa Pan Roman i wtrąca w rozmowy się…
A obok w Kamieniach małżonków wciąż nie ma, więc całują słomiane wdowy się
A obok, tam w Bistro, miłości na szybko się wiążą i milkną, gdy nowy dzień
Trójkąt warszawski, trójkąt warszawski

[Outro]
Inne stoliki nie były obsłużone, ja byłem obsłużony. Ja byłem obsłużony, dla mnie była każda wódka i każda potrawa, i każda muzyka w orkiestrze

[Tekst i adnotacje na Rap Genius Polska]"
Taco Hemingway,Mięso,"[Bridge]
Siedzę dwie godziny w Planie B sam
Miałaś już być moją żoną, ale dalej bez zmian
Trzy godziny w Planie B sam
Miałaś już być moją żoną, ale dalej bez zmian

[Zwrotka 1]
Życie to stek bzdur, z tym że ja poproszę krwisty
Nie odbierasz telefonu, więc wysyłam listy
Już przestało padać i na miasto pełzną glizdy
Pewnie wszystkie też na randkę z tobą, co za pizdy
Moje kiedyś zdrowe płuca produkują gwizdy
Klekotanie, szumy, świsty, piłem gin przed wizytą internisty
Ciągle mówię mu o płucach, ale on mnie nie chce słuchać
Mówi: „sukinsynu, idź z tym”
Zdrowy mózg stale produkuje złe sny
A wspomnienia gonią mnie jak ta linijka z „Beksy”
Dałem ci unikatowe rzeczy jak te Peweksy
Ale ty mówisz o mnie teraz per „eks-typ”
Nie mam ciebie, nie mam nic, tylko teksty
Które w mym notesie ciągle gryzą się, jak wściekłe psy
Od szaleństwa ciut-ciut, w mózgu chłód i brud
A serce trzęsie się jak epileptyk

[Bridge]
Tyle godzin w Planie B sam
Miałaś już być moją żoną, ale dalej bez zmian

[Refren]
Życie to:
Bieg przez kosmos. Trochę łez, czasem rozkosz
Potem: lepka pajęczyna w pustym portfelu
Życie to:
Bieg z flagami między barykadami
Podczas gdy śmierć goni i krzyczy: „Stać, obywatelu!”
Proszę otworzyć neseser (okej)
Proszę nam podać swój PESEL (hmm, okej)
Proszę nie martwić się światem i pańskim własnym jestestwem
Proszę pamiętać, nie ma duszy, pan po prostu jest mięsem
Proszę nam podać swój PESEL

[Zwrotka 2]
Wszyscy szczęśliwi ludzie: proszę przestać mnie wkurwiać
Bo wszystkim szczęśliwym ludziom planuje dzisiaj coś urwać
I wszystkie te ząbki śliczne chodniczkiem się będą turlać
Jak ciągle mi tak będziecie tu świecić nimi, no kurwa mać!
To nie komedia, Antygona ma wzór wam dać
Tutaj ma być tragedia, obok antyczny chór ma stać
Proszę, idźcie się zabić, poważnie, sam mogę sznur wam dać
Albo jakiś karabin, lecz idźcie wy wszyscy w trumnach spać
Ja nie sypiam, łykam energetyki
Widzi pan, no jak mam sypiać, gdy wszędzie przeklęte krzyki?
Słyszę imprezowiczów rozmowy i lepkie rzygi
I jeszcze mi skrzypek gra coś pod oknem, choć nieźle skrzypi…
Poza tym czekam, czekam na jej telefon
W płucach wiruje tytoń, a w żyłach pływa żelbeton
I znów mi ucieka życie, ja znowu gonię peleton
Lecz życie jest coraz szybsze i czmycha z moją kobietą
Olej sypianie, spanie zostaw szkieletom
Czekam na Ciebie w Planie B, będę tu czekał wieczność
Piszę, a ty ani me, ani be, zrozum ranisz i hańbisz mnie
Przecież właśnie widziałem, na mieście bawisz się? Zabij się
Ciągle czekam, plac Zbawiciela, chodź zbawić mnie
Nie będę gryzł ani strzelał, chodź ze mną napić się
Przecież widzę, że widzisz co Ci tu piszę
Więc jutro spiszę to wszystko i wszystko to upublicznię

[Bridge]
Tyle godzin w Planie B sam
Miałaś już być moją żoną, ale dalej bez zmian

[Refren]
Życie to:
Bieg przez kosmos. Trochę łez, czasem rozkosz
Potem: lepka pajęczyna w pustym portfelu
Życie to:
Bieg z flagami między barykadami
Podczas gdy śmierć goni i krzyczy: „Stać, obywatelu!”
Proszę otworzyć neseser (okej)
Proszę nam podać swój PESEL (hmm, okej)
Proszę nie martwić się światem i pańskim własnym jestestwem
Proszę pamiętać, nie ma duszy, pan po prostu jest mięsem
Proszę nam podać swój PESEL

[Tekst i adnotacje na Rap Genius Polska]"
Taco Hemingway,Marmur,"[Zwrotka 1]
Stutonowy pociąg pełznie po szynach
Szyny ryczą jak matula, która jęczy po synach
Bo historii zegar wskazuje, że śmierci godzina już nastała
Czy ktoś mógłby torów stęki powstrzymać?
Widzę zza szyby ten przedział
Pana co tu najwyraźniej cztery zimy przesiedział
Zimny wzrok, gęsta broda, pod nią kły ma niedźwiedzia
Przy okazji: jestem Filip Szcześniak, gdybyś nie wiedział
I na przyszłość będę starał się latać
Brak pojęcia, za co znów spotyka kara mnie taka
Patrzy na mnie ciągle typ, jakby starał się bratać
Wyprany tweed i koszula jakby stara cerata
Bada mnie w mig, jestem pewien, że mnie zaraz zagada
O stan ducha i cywilny, czym para się tata
No a ja czym, ale nagle straszny hałas się wkrada
Otwarte drzwi: „Cola, piwo, chrupki, kawa, herbata!”
Ma okrutną buzię oraz butny ton
Kupić u niego, prędzej na Syberii kupię szron
Pasażer wstaje wartko, przekracza Rubikon
Spokojnie poprawia swój krawat, po czym mówi „Won!”
Dostrzegam chłodny marmur jego oka
Czarne myśli w jego czaszce już się budzić chcą
Pragnienia ma ukryte, nie na pokaz
Widzę, że chce mieć duży dom, pełen cudzych żon

[Refren]
Chcę mieć duży dom, pełen cudzych żon, słyszysz?
Tylko tobie mówię wprost, że ja lubię brnąć w cyfry
Niektórzy ludzie lubią pląs, a niektórzy chcą ciszy
Cały dom w marmurze, cały dom w marmurze
Czarne myśli znowu śpią na górze, o

[Zwrotka 2]
Żyły w kolorze krwi jagnięcej
Chyba w moim wieku jest, lecz jakby widział więcej
Jakby się po stromych szczytach życia wspinał mężniej
Z technologii nie korzystał, wszystko pisał ręcznie
W ortaliony się nie wpycha, żeby iść na bieżnie
Bo całe życie ucieka lub biega za kimś
Nagle widzę, okiem łypie spod tej brwi potężnej
Lepiej się zacznij uśmiechać lub przestań gapić
Wpisuję kod 4822
Sześć nieodebranych od Jedynaka
Jedynak planuje koncerty Taca
Poczta głosowa, słyszę „Felipe no będzie draka”
A ja uciekłem, bo mnie męczy rapgra
Jeszcze chwil parę musiałby mnie ktoś uwięzić w kaftan
Jestem za stary, żeby walczyć już o względy świata
Chce wszystkie prace swoje spalić jak przed śmiercią Kafka
Męczy oraz dziwi wszystko
Zawsze czułem, że ja mogę w każdej chwili zniknąć
Teraz czuję, że nie wrócę do tych singli szybko
Odwołuj trasę Janek, Fifi prysnął
Patrzę na sąsiada, chyba już zasnął
Dokąd jadę, czuję, że interesuje was to
Kocham WWA, lecz robi się tam ciut ciasno
Znów te głosy gdy mój pociąg wjeżdża w Trójmiasto

[Refren]
Chcę mieć duży dom, pełen cudzych żon, słyszysz?
Tylko tobie mówię wprost, że ja lubię brnąć w cyfry
Niektórzy ludzie lubią pląs, a niektórzy chcą ciszy
Cały dom w marmurze, cały dom w marmurze
Czarne myśli znowu śpią na górze, o

[Zwrotka 3]
Otwieram okno chłonąc zew morza
Rześki wiatr, wielki świat, wodne bezdroża
To tylko mały ja kontra ogrom przestworza
I młodzi chłopcy, co pakują sobie biel w nozdrza
Różowiejąc niby wieprz z rożna
Żywią nadzieję, że wybranka będzie bezbożna
Chociaż życie to zły sen, czasem wręcz koszmar
To wcale nie chcę budzić się – no jak tak rzec można?
Nie będę szukał wrażeń
Chcę żyć w hotelu, czasem co najwyżej pójść na plażę
Napisać płytę, pić herbatę i się czuć jak starzec
Bo chcę wypocząć, zanim skończę jak ten współpasażer
Który zniknął, wielka szkoda miałem plan
Otóż miałem zapytać go 
skąd ja pana znam?
Te ostatnie dni w Warszawie mało spałem, fakt
Czy to majaki, czy jechałem w tym przedziale sam?
Niemożliwe
… To dopiero dobry fortel
Czy mam zwidy, bo się przemieniłem w moczymordę?
Ciężki biznes, poopowiadam o tym potem
No bo wysiadam i przechadzam się nad polskim fiordem
Niebo ciemne i kleiste, niby mocny porter
Wysiliwszy oczy, widzę, dość ogromny hotel
Ogromny hol, w nim znajduję jakiś skromny fotel
Pojawia się ogromny wąs, za nim nocny portier

[Bridge: Taco Hemingway & Rumak]
— Pan Szcześniak, dobry wieczór, czekaliśmy na pana. 
Zameldowaliśmy pana w pokoju 515
— Nie mam rezerwacji żadnej, także…
— Proszę, zapraszam do windy. Zdajemy sobie sprawę, że przed panem ogrom pracy oczywiście, niemniej zachęcam pana do uczestniczenia w życiu naszego hotelu. Za kilka dni odbywa się
 wieczorek taneczny, obecność obowiązkowa
— No nie wiem, zobaczę… Nie ma pan czasem ładowarki do takiego telefo…
— Nie. Zachęcamy gości do niekorzystania z technologii
— Super
- 
Voilà.
 Pański pokój, a oto klucz, i wideo powitalne. Dobranoc, i powodzenia

[Zwrotka 4]
Należy wam się zwrotka końcowa
W głowie mam pasażera, co za postać grobowa
Z lustra patrzy na mnie obca osoba
Jednocześnie moja lepsza oraz gorsza połowa
Aura mu się nocna podoba
Czerwona lampka, czyżby poczta głosowa?
Czy to wieść jakaś niesiona jest okropna, hiobowa?
Kto mnie znalazł tu, komu się marzy nocna rozmowa?

[Outro]
Chcę mieć duży dom pełen cudzych żon, słyszysz…

[Tekst i adnotacje na Rap Genius Polska]"
Taco Hemingway,Szlugi i kalafiory,"[Intro]
Wieczorna Warszawa, taką właśnie lubimy ją oglądać. Szukamy ulic najlepiej oświetlonych, pełnych wielkomiejskiego ruchu i zgiełku. Warszawiacy lubią pogawędzić przy muzyczce i czarnej kawie. Ale przypatrzcie się uważnie, tu załatwia się także inne sprawy…

[Bridge]
W urzędach były koniaki, kobietom rozdawał kwiaty
To miasto pachnie jak szlugi i kalafiory
W urzędach były koniaki…
To miasto pachnie jak szlugi i kalafiory
…kobietom rozdawał kwiaty

[Refren]
To miasto pachnie jak szlugi i kalafiory
Dzieciaki krążą po mieście, by zgubić swoje upiory
To miasto pachnie jak mięso smażone w piekle
Czterdziestoletni przechodnie wciąż węszą i patrzą wściekle
To miasto pachnie jak szlugi i kalafiory
Dzieciaki tankują wódę, by upić swoje upiory
Panie władzo, ja tu tylko tańczę
Panie, panie, panie władzo, to są tylko tańce
Moje płuca znów dygoczą i wirują walcem
Mleko, miód w tej krainie, która zwykle płynie dymem i smalcem
Panie władzo, ooo, panie władzo

[Zwrotka]
Miasto betonu i pogubionych telefonów
Idę ścieżką usłaną szklanym szronem iPhone’ów
Znowu jej nie ma, więc kroczę do domu
Kroczę tu sam, więc wygadam się Tobie, bo w sumie nie wiem komu (nie wiem komu!)
Palę mentole fajki
Zieleń paczki tej podkreśla moje zielone najki
Wszystkie plotki zwykłem wkładać między pieprzone bajki
Ale teraz wiem już, czemu on ci daje te lajki
Słuchaczu, poznaj Piotra, mnie i mą eks
Piotrek to dla wielu kobiet jest łakomy kąsek
I mnie cała sytuacja wpędza w ostry kompleks
Jestem prawie pewien, że ten łotr uprawiał z nią…
I stąd tekst, śledzę ich tak od trzech
Może czterech tygodni, no i szkicuję konspekt
Co za pech, Piotrek ma też całe stado gąsek
Idź do Piotra i zapytaj „Monogamia?” – „No, thanks”

[Bridge]
W urzędach były koniaki, kobietom rozdawał kwiaty
To miasto pachnie jak szlugi i kalafiory
W urzędach były koniaki…
To miasto pachnie jak szlugi i kalafiory
…Kobietom rozdawał kwiaty

[Refren]
To miasto pachnie jak szlugi i kalafiory
Dzieciaki krążą po mieście, by zgubić swoje upiory
To miasto pachnie jak mięso smażone w piekle
Czterdziestoletni przechodnie wciąż węszą i patrzą wściekle
To miasto pachnie jak szlugi i kalafiory
Dzieciaki tankują wódę, by upić swoje upiory
Panie władzo, ja tu tylko tańczę
Panie panie panie władzo, to są tylko tańce

[Tekst i adnotacje na Rap Genius Polska]"
Taco Hemingway,CZŁOWIEK Z DZIURĄ ZAMIAST KRTANI,"[Intro]
Skrzyżowanie Alei Jerozolimskich i Marszałkowskiej. Na skrzyżowaniu tych dwóch głównych ulic, stolicy Polski postawiono słup drogowskaz. Drogowskaz informuje gdzie leżą Helsinki, Kopenhaga, Oslo. A gdzie leży Warszawa?
Pocztówka z Warszawy, lato 2k19. Na zdrowie

[Zwrotka 1: Taco Hemingway]
Biorę taksówkę, bo przejechać chcę na drugą stronę mostu
Na tej zachodniej to wieje już trupem odkąd nie ma Hocków (Ooh!)
Chamy coś huczą na ciemnego druha, by mówił po polsku (Ayy!)
Potem się drą na DJ'a by nie grał Bediego, bo ma tu być oldschool
Puszcza schaftera i Coalsów
Dostaje cios w brzuch, się obudzi w szpitalu na Solcu
Miała tu trzymać policja ordnung, ale woli dawać mandat młodemu chłopcu
Co przechodzi na czerwonym przy Wschodnim Dworcu
I nawet nie wie co powie ojcu
Chciałby być dzieckiem w sierpniowym słońcu
Ale to już nie wróci jak polski Dortmund
Gapi się Bobby z billboardu (Woo)
Zachwala szampony z importu (Woo)
Latem WWA stroni od sportu
Kaca leczymy od wtorku do piątku (Ugh)
Zazwyczaj stoimy w korku
W korkach jesteśmy o krok od rekordu
To miasto spaliną oddycha, a my wychowamy w tym smogu potomków (Ayy!)

[Zwrotka 2: Taco Hemingway & Dawid Podsiadło]
Blondwłose licealistki znów kąpały się w tej bieli
Ich spódnice skąpsze są niż pensje ich nauczycieli (Ayy, ayy!)
Koledzy brzdękają w struny, 
kolegom pękają gumy
Opony na brzuchu, a chcą pań jak kalendarz Pirelli (Uh)

[Zwrotka 3: Taco Hemingway]
Dzisiaj tańczą przy Wiśle (Woo, woo)
Widzą gwiazdę jak Michelin (Ayy, ayy)
Wszystkie plany tak mgliste (Uh, uh)
Żyją w bajce jak Disney
Dziwne panny w MISBHV
Przydałby w życiu się quicksave (Prrr)
Shoty mi zawsze parzyste lej
Znów mam ustawienia fabryczne

[Interluda: Taco Hemingway]
WWA, WWA, WWA, WWA
Lato 2k19, oto pocztówka z WWA
Drogi— [
kaszel
]
U mnie— [
kaszel
]
(Raz, dwa, trzy!)
Jeszcze raz
WWA, WWA, WWA, WWA
Lato 2k19, oto pocztówka z WWA
Drogi— [
kaszel
]
U mnie— [
kaszel
]

[Zwrotka 4: Taco Hemingway]
To wojna polsko-polska
Pod czerwonym neonem Rossmann (Ayy)
Mural ""Powstanie Warszawskie""
A obok ""Powerade. Padłeś? Powstań!""
Nie będę się produkował
Bo wszystko już opowiedziała Masłowska
Niedługo wygrasz w karty
Za wiele miałeś tych marnych rozdań
Chciałbyś się z miasta wydostać? (Aha)
Pamiętasz jak babcia cię wiozła? (Gdzie?)
Gdzieś na Mazury, ładnie śpiewała
Na kasecie Majka Jeżowska (Ayy)
Teraz to ćpanie i koks i szama i boks jak Hala Mirowska
Wracasz z mandatem do domu
Się bojąc, że cię własna matka nie pozna (Uh)
DJ z pierwszej zwrotki zmarł na wstrząs mózgu (Wstrząs mózgu!)
Jego oprawcy słuchać tylko chcą true school (Chcą true school!)
Udają, że to Medellín, a szmuglują szlugi w Ryanairze z Modlin
Znowu robią dziwne ruchy jak Hotline Bling
Ziom, ja już nie mam szlugów, więc obstaw mi

[Zwrotka 5: Taco Hemingway]
Patrzę z paczki papierosów
Człowiek z dziurą zamiast krtani (
Na coś trzeba umrzeć
)
Społeczeństwo truje zarazkami
Jedni szukają promocji i się snują bazarami
Inni szukają odskoczni, kiedy żują calamari
Kiedy stoję na poczcie (Aha)
Niby żołnierz na froncie (Aha)
Czuwa Jan Paweł II, nikt się nie boi w narodzie (
Nikt
)
Jak ryby pana Jezusa, każdy się dwoi i troi na co dzień (Hej)
Chłop skacze z mostu, bo chyba chce sprawdzić, czy potrafi chodzić po wodzie [
plusk
]
Nie potrafił

[Outro]
Urlop spędzony w mieście ma dużo zalet. Nie wyjeżdżamy, więc odpadają, na przykład, kontakty z PKP. No tak, ktoś powie, że na Mazurach, nad morzem lub w górach inne powietrze. Ale część samochodów też tam pojechała na wczasy, więc w mieście luźniej i czyściej"
Taco Hemingway,Influenza,"[Zwrotka 1: Taco Hemingway]
Coś mi nie gra w tej Polsce
Ostatnio jest tu z deka niemądrze
I nie chcę obwiniać polskiej kinematografii
Ale jak, skoro nawet Patryk Vega ma dość jej? (nawet on?)
Gwałty w twarz, trochę pewnie to oschłe
Ale tutto bene, jeśli pochodzenie masz włoskie
Jeden tip jak podniecić widownię:
Do dialogu wrzuć „kurwę”, zaśmieją się mocniej!
„Tell me lies, tell me sweet little lies”
Drogi rządzie, śpiewaj mi głośniej, bo
Jeżeli nie wy, to zaśpiewa mi bloger
Chwilę słucham go dla beki, ale weź jakim kosztem?
Mogłem iść na rower, popodziwiać wiosnę
Mogłem iść biegać, przeczytać dziś książkę
Ale masochista mózg znów pyta o chłostę
Puszczam mu, jak ta gwiazda znów wzdycha na postęp
Nie zaszczepiłaby syna na ospę, cóż…
Może pieniądz woli wydać na pogrzeb
Celebryci wiedzą i potrafią niemal wszystko
Może się nauczą kiedy nie odzywać się w ogóle, co?

[Refren: Taco Hemingway]
Cała Polska czyta celebrytom (Yea, yea)
Każdy jest influencerem z misją (Yea, yea)
Nie, nie musisz wcale siedzieć cicho (Nie, nie)
Ale pokaż tylko gdzie ten dyplom?
Cała Polska czyta celebrytom
(Cała Polska czyta celebrytom, yea, yea)
Każdy jest influencerem z misją
(Każdy jest influencerem z misją, yea, yea)
Nie, nie musisz wcale siedzieć cicho
(Nie, nie musisz wcale siedzieć cicho, nie, nie)
Ale pokaż tylko gdzie ten dyplom?
(Ale pokaż tylko gdzie ten dyplom jest)

[Zwrotka 2: Gruby Mielzky]
Siedzę na ławce i se wdupiam makowiec
Kręcę palcem, bo może bloger da mi odpowiedź:
Czy moje życie jest dość fajne?
Czy jest modne i zdrowe?
Czy może wziąć coś na wątrobę?
Włożyć folię na głowę? (Nie wiem)
To, co mówisz, dziwko, zakrawa o skandal
Nagle widzisz wszystko, jak Baba Wanga
W tym wyścigu trzeba lecieć bez zapasu tlenu
Żeby przeciąć metę jak Jessi na Fruit of the Loom
Łatwo sparzyć się, ty rób branding dla Sudocremu
Nie każdemu będzie dane być częścią tego systemu
Może dobrze, w '68 na stadionie płonął Siwiec
Ironicznie pokazało mi, dokąd to idzie
Gdy dziewczyna z tym nazwiskiem gwiazdą Euro
Zapomina szybko krzyki się przez bełkot
Swoją misją każdy portal pierze czaszki z rana
Więcej info tu wyciągam z szesnastki Lichtmana
Moczę mięśnie w płynie Luksja jak papcio Platini
I dalej ten makowiec wdupcam, bo nic już nie dziwi
Mój kraj sypie się jak koko, kogo za to winić?
Nie wiem nawet kogo, co kto zrobił, bo wszystko na niby
Mój kraj zwija się jak kokon, kogo za to winić?
Nie wiem nawet kogo, co kto zrobił, tu wszystko na niby

[Zwrotka 3: Taco Hemingway]
Nic się tak nie klika jak fake news
To fakt, ale w sumie to w dotyku jak fake boobs
Z daleka: „może, hmm... może jest jakiś sens tu?”
Ale podejdź trochę bliżej, czar pryska na wejściu
Robią gwiazdy live'y, popatrz na celebrytów – jaki fajny każdy
Mówi: „rzuć swoją pracę, szukaj własnej prawdy”!
A na koncie dobry milion za reklamę Fanty, ej
Followuję guru, no bo jestem busy
(Followuję guru, no bo jestem busy)
Niezależne informacje przede wszystkim!
(Niezależne informacje przede wszystkim)
Ona jest aniołem, ma nieziemskie rysy
(Ona jest aniołem, ma nieziemskie rysy)
Ale zobacz, jak ogromne są jej ekspertyzy
(Ale zobacz, jak ogromne są jej)

[Bridge: Taco Hemingway]
COVID, 5G, Smoleńsk, chemtrails, płaska ziemia, World Trade Center
COVID, 5G, Smoleńsk, chemtrails, vegan terror, LGBT
COVID, 5G, Smoleńsk, chemtrails, płaska ziemia, World Trade Center
Mówi o Illuminatach oraz JFK
A do tego six-pack, jak nie wierzyć jej?

[Refren: Taco Hemingway]
Cała Polska czyta celebrytom (Yea, yea)
Każdy jest influencerem z misją (Yea, yea)
Nie, nie musisz wcale siedzieć cicho (Nie, nie)
Ale pokaż tylko gdzie ten dyplom?
Cała Polska czyta celebrytom
(Cała Polska czyta celebrytom, yea, yea)
Każdy jest influencerem z misją
(Każdy jest influencerem z misją, yea, yea)
Nie, nie musisz wcale siedzieć cicho
(Nie, nie musisz wcale siedzieć cicho, nie, nie)
Ale pokaż tylko gdzie ten dyplom?
(Ale pokaż tylko gdzie ten dyplom jest)"
Taco Hemingway,900729,"[Zwrotka 1]
900729 – tak zaczyna się mój PESEL
Znowu wąsy mam jak PSL, skórę, kurtkę i sweter
A w płucach hula mi przester, w ręku dzierżę neseser
Z mikrofonem, będę pluł wersem, dajcie żyć jak laissez faire
Myśli stukają o kości, jak stuka Rumak o werbel
Wchodzę na wyżyny zuchwały, jak dwulatek na mebel
A te hieny znów szczekały, zamiast wejść na mój szczebel
Zamiast się jąkać, Joachim, lepiej wejdź na mój le-lewel
Mnożę te pieśni, mejoza, mitoza i wrzeszczę, jak jakiś ogromny dinozaur
A kiedy odejdę, to ma być żałoba, bo ja i mikrofon: tupolew i brzoza
Żenię się z miastem i wnoszę swój posag, Dusza Biggiego i Cześka Miłosza
Wszystko, co robić chcę w życiu, to wiersze, lecz poci się serce, wylewa się proza
Pluję pasją, Ty tej pasji nie czujesz
I zachowujesz się jak nie Ty i ta maska Cię psuje
Me płuca lassem są skute, znowu ta astma mnie kłuje
Ja i me płuca Cię kochamy, a Ty nas zaniedbujesz

[Refren]
No, a pamiętasz…
Jak mówiłaś, że mnie kochasz?
Jak mówiłaś, że mnie kochasz?
Jak mówiłaś, że mnie…
Ten sen porasta płuca jak mech
Id, ego, superego – 0,7 na trzech
No, a pamiętasz…
Jak mówiłaś, że mnie kochasz?
Jak mówiłaś, że mnie kochasz?
Jak mówiłaś, że mnie…
Lawina myśli leci na brew
Id, ego, superego – 0,7 na trzech
No co za pech

[Zwrotka 2]
Dzwonię do Ciebie tak o czwartej nad ranem
Na dworze zimowe deszcze, więc jestem raczej zalany
Chce Cię całować i wybadać twoją czaszkę i gały
I nie przestawać tak do wiosny, wybacz, takie mam plany
Siedem miliardów ludzi w świecie, chyba same barany
I ja, Baranek Boży, może możesz gładzić me rany?
Musisz mnie sklejać wciąż na nowo, jestem stale porwany
Ty jesteś snem, wokół koszmary, jestem stale zaspany
Odpisz, bo będę tu płakał do rana, pojawiam się znikąd jak fatamorgana
Kontrola nad światem jest gwarantowana, więc Ty będziesz Michelle, ja Barack Obama (Barack Obama!)
Byłaś mi taka kochana, dramat, teraz się urwał nam kontakt
Więc chodzę pijany po mieście i ledwo się mieszczę w nim, ciągle się krzątam
Ciągle się plączę, kiedyś trafię na spowiedź
Ciągle wypluwam gardłem lawę, Twoje serce lodowiec
Chyba podniosłaś słuchawkę, słyszę Twój wdech! Weź coś powiedz
Mówisz: „
spierdalaj
”
Idę dalej z ciężkim łbem jak ZOMOwiec

[Refren]
No, a pamiętasz…
Jak mówiłaś, że mnie kochasz?
Jak mówiłaś, że mnie kochasz?
Jak mówiłaś, że mnie…
Ten sen porasta płuca jak mech
Id, ego, superego – 0,7 na trzech
No, a pamiętasz…
Jak mówiłaś, że mnie kochasz?
Jak mówiłaś, że mnie kochasz?
Jak mówiłaś, że mnie…
Lawina myśli leci na brew
Id, ego, superego – 0,7 na trzech

[Zwrotka 3]
Moi znajomi robią biznes, a ja wciąż jestem nikim
Cywilizują się nagminnie, a ja wciąż jestem dziki
Do szafy schowali Vansy, powoli noszą trzewiki
I poważnieją, nazywają nagle „moczem” swe siki
Biegam po mieście i cię ścigam bez przerwy
Biegam jak kurczak bez głowy albo jak piłkarz z rezerwy
Boję się, że Cię zobaczę, więc topię w drinkach te nerwy
Nerwy ze stali mam! Choć chyba nie tej nierdzewnej
Szedłem za tobą i widziałem mnóstwo
Na przykład jak znikasz z nim tanią taksówką
Na przykład jak idziesz jak prawdziwe bóstwo, a krok Twój wyraźnie huśtany jest wódką
Widziałem też jego, kroczył po mieście, wyglądał obleśnie polując na niebo
Leżał na glebie i śpiewał o PZPNie i miejscach połkniętych przez przeszłość
Widziałem złamane serce, widziałem biegnące nogi
Ja, ty i Piotr… Ten warszawski tercet, ja i mój Weltschmerz, nie wiem, co robić
Ta twoja czarna sukienka, twarz zakopana w twych rękach
Na twarzy make-up i męka, piszę te słowa i serce mi pęka
Twarz taka piękna, że klękam
A w mojej głowie piosenka, idę do studia, pieśni mnie wabią
Opiszę trójkąt warszawski, ja i ty, ty i ja i ten zakapior
Opiszę brud i luksus, pieniądz wydany na wódę i kawior
Wchodzę do studia… Ostatni wdech
To miasto wciąż pachnie jak szlug i kalafior

[Tekst i adnotacje na Rap Genius Polska]"
sanah,kolońska i szlugi,"[Tekst piosenki ""kolońska i szlugi""]

[Refren]
Ta kolońska i szlugi
Z tobą lipiec był długi
Dobrze wiesz, że tęskniłam
O tobie śniłam
W tle Del Rey Lana
Pogaduchy do rana
Po nas nic nie zostanie
Piosnek parę

[Zwrotka 1]
Zmieniłeś numer, wiem
Netflix na TVN
U boku Barbie, a ty Ken
Uuu, to tylko mała sympatia sprzed lat
Mijam na poczcie i widzę jak zbladł, e-e-ej
Na Grochowie loft
Robota w Microsoft
A na mieście plotek sto
Ooł, to tylko słowa, nie bolą już
Dobra, nieważne, mam w plecach twój nóż

[Refren]
Ta kolońska i szlugi
Z tobą lipiec był długi
Dobrze wiesz, że tęskniłam
O tobie śniłam
W tle Del Rey Lana
Pogaduchy do rana
Po nas nic nie zostanie
Piosenеk parę
Kolońska i szlugi
Z tobą lipiec był długi
Dobrze wiesz, żе tęskniłam
O tobie śniłam
W tle Del Rey Lana
Pogaduchy do rana
Po nas nic nie zostanie
Piosnek parę

[Zwrotka 2]
Minęło kilka lat
Tyś innej serce skradł
A pod postem widzę lajk
No, a w nocy dzwonisz o 2:00, i wiem
Dla ciebie ja jestem ramieniem do łez, e-e-ej
Mam wodoodporny tusz
Wiec przewóz albo wóz
Ty odchodzisz - dla mnie luz
Uuu, a w tej maseczce nie poznam cię
Wiadomka, to koniec, bez ciebie mi lżej

[Refren]
Ta kolońska i szlugi
Z tobą lipiec był długi
Dobrze wiesz, że tęskniłam
O tobie śniłam
W tle Del Rey Lana
Pogaduchy do rana
Po nas nic nie zostanie
Piosenek parę
Kolońska i szlugi
Z tobą lipiec był długi
Dobrze wiesz, że tęskniłam
O tobie śniłam
W tle Del Rey Lana
Pogaduchy do rana
Po nas nic nie zostanie
Piosnek parę

[Outro]
Apostrof tak
Apostrof tak
Apostrof tak, tak
Apostrof tak
Apostrof tak
Apostrof tak, tak
Apostrof tak
Apostrof tak
Apostrof tak, tak
Apostrof tak
Apostrof tak
Apostrof tak, tak"
sanah,2:00,"[Tekst piosenki ""2:00""]

[Zwrotka 1]
Nie wiem czy to miało sens
Hulać tak, hulać tak
Kolejny raz
Carpe diem z dnia na dzień
A potem sza
Cicho sza, cicho sza

[Przedrefren]
Sorka za ten telefon
Dzisiaj o drugiej w nocy
Tylko chciałam pomocy
I Ciebie
W słuchawce słyszałam śmiech
Naiwna ja, naiwna ja

[Refren]
Mogłam mówić co myślę
Na cały głos
Mogłam nie brać do siebie
Gdy zranił ktoś
Mogłam trzymać Cię mocniej
Gdy chciałeś iść
Mogłam tak (mogłam tak), mogłam tak (mogłam tak)
Mogłam wziąć Cię do tańca
Ostatni raz
I obiecać, że parkiet
Jest tylko nasz
Teraz jakoś magicznie
Chcę cofnąć czas
Mogłam tak (mogłam tak), mogłam tak (mogłam tak)

[Zwrotka 2]
Czemu jak ten śniegu puch to wraca znów
Wraca znów, wraca znów
Czemu po tej stronie rzęs tęsknie ciut
Tęsknię ciut, tęsknię ciut

[Przedrefren]
Sorka za ten telefon
Dzisiaj o drugiej w nocy
Tylko chciałam pomocy
I Ciebie
W słuchawce słyszałam śmiech
Naiwna ja, naiwna ja

[Refren]
Mogłam mówić co myślę
Na cały głos
Mogłam niе brać do siebie
Gdy zranił ktoś
Mogłam trzymać Cię mocniej
Gdy chciałеś iść
Mogłam tak (mogłam tak), mogłam tak (mogłam tak)
Mogłam wziąć Cię do tańca
Ostatni raz
I obiecać, że parkiet
Jest tylko nasz
Teraz jakoś magicznie
Chcę cofnąć czas
Mogłam tak (mogłam tak), mogłam tak (mogłam tak)

[Przejście]
Uuuuu, Uuuuu
Mogłam tak (mogłam tak), mogłam tak (mogłam tak)
Uuuuu, Uuuuu
Mogłam tak (mogłam tak), mogłam tak (mogłam tak)

[Outro]
Szkoda, że puściłam Cię
Nie chciałam tak, nie chciałam tak"
sanah,Ale jazz!,"[Tekst piosenki ""Ale jazz!""]

[Zwrotka 1: sanah]
Kawka na wynos dzisiaj towarzyszy mi
To cappuccino niesłodzone, będę fit
Szekspirowski sznyt, całe noce mi się śnił
Gdzie Romeo był

[Zwrotka 2: sanah]
Codziennie narzekałam, gdzie ten happy end
Me vibrato chciało dalej się wznieść
Ja nie pytam już i wiem o co chodzi mu
A w mej głowie luz

[Refren: sanah]
Ooo, ale jazz!
Hardkorowo pada deszcz
Tak na maksa wieje też
Ja łagodnie uśmiechnięta
Błyska gdzieś
Na mej dłoni czuję dreszcz
Moje oczy błyszczą też
Ja łagodnie uśmiechnięta
Hardkorowo pada deszcz
Ja łagodnie uśmiechnięta

[Zwrotka 3: Vito Bambino]
Jeszcze nie przyszła, a o 8 miała być
Widzę na insta kawkę woli sama pić
Ale ze mnie dzban, teraz szanse ma inny kolo
Inny kolo

[Refren: sanah]
Ooo, ale jazz!
Hardkorowo pada deszcz
Tak na maksa wieje też
Ja łagodnie uśmiechnięta
Błyska gdzieś
Na mej dłoni czuję dreszcz
Moje oczy błyszczą też
Ja łagodnie uśmiechnięta
Hardkorowo pada deszcz
Ja łagodnie uśmiechnięta

[Przerwa instrumentalna]

[Refren: Vito Bambino i sanah]
Ooo, ale blues!
Nie mam siły się tak czuć
Dziś poznałem co to chłód
A ty chodzisz uśmiechnięta
Błyska gdzieś
Na mej dłoni czuje dreszcz
Moje oczy błyszczą też
Ja łagodnie uśmiechnięta
(Czy Ty, Ty, Ty, Ty nie lubisz mnie już?)
Hardkorowo pada deszcz
Ja łagodnie uśmiechnięta"
sanah,Szampan,"[Tekst piosenki ""Szampan""]

[Zwrotka 1]
Pod górkę mam
Ale na to się pisałam
Tak czy siak
Do biegu start
Sama drogę tę wybrałam
Chciałam tak
Czy na moje łzy ja znajdę jeszcze czas?
Czy na łzy ja znajdę czas?

[Refren]
Szampan wylewa się
Toast mogę wznieść
A ten gość mówi coś
O co mu chodzi?
Ktoś tu dissuje mnie
Niech gada co chce
A ten gość mówi coś
Spoko, nie szkodzi
Zamykam oczy, byłeś uroczy
Będę udawać, że już nie boli
Szampan wylewa się
Toast mogę wznieść
A ten gość mówi coś
O co mu chodzi?
O co mu chodzi?

[Zwrotka 2]
I znów ten typ
On szepcze ""pronto, pronto musisz iść""
A brak mi sił
Ten szampan coś za łatwo wchodził mi
Czy na pożegnanie znajdę jeszcze czas?
Spojrzę się ostatni raz

[Refren]
Szampan wylewa się
Toast mogę wznieść
A ten gość mówi coś
O co mu chodzi?
Ktoś tu dissuje mnie
Niech gada co chce
A ten gość mówi coś
Spoko, nie szkodzi
Zamykam oczy, byłeś uroczy
Będę udawać, że już nie boli
Szampan wylewa się
Toast mogę wznieść
A ten gość mówi coś
O co mu chodzi?
O co mu chodzi?
Szampan wylewa się
Toast mogę wznieść
A ten gość mówi coś
O co mu chodzi?
Ktoś tu dissuje mnie
Niech gada co chce
A ten gość mówi coś
Spoko, nie szkodzi
Zamykam oczy, byłeś uroczy
Będę udawać, że już nie boli
Szampan wylewa się
Toast mogę wznieść
A ten gość mówi coś
O co mu chodzi?
O co mu chodzi?"
sanah,Eldorado,"[Tekst piosenki ""Eldorado""]

[Zwrotka 1: sanah]
Mnie wywiało daleko
Nie ma wad a to pech
Tu miód jest i mleko
Nie mój świat, żyto lej
Lekce sobie ważyłam
Tęsknotę w każdy dzień
Gdzieś za siódmą rzeką
We łzach znajdziesz mnie

[Zwrotka 2: sanah]
Dopisuje pogoda
Miła woń, jak we śnie
Kusi woda sodowa
Ale dom woła mnie

[Refren: sanah]
Wszyscy złotą autostradą
Chcą do Eldorado
A w tobie ma Warszawo mój dom
Ach tak, Boston, Kolorado
Chcą do Eldorado
A w tobie ma Warszawo mój dom
Wszyscy złotą autostradą
Chcą do Eldorado
A w tobie ma Warszawo mój dom
Ach tak, Boston, Kolorado
Chcą do Eldorado
A w tobie ma Warszawo mój dom

[Zwrotka 3: Daria Zawiałow]
Oczy były różowe
Drogi blask świecił im
Zachęcały mnie zorze
Mostem nad rzeką East
Utopiłam się w tańcu
Nie ma fal, mówił mi
Jednak czuję, że w końcu
Nadwiślańskie wrócą dni
Mokotowskie moje sny

[Refren: sanah & Daria Zawiałow]
Wszyscy złotą autostradą
Chcą do Eldorado
A w tobie ma Warszawo mój dom
Ach tak, Boston, Kolorado
Chcą do Eldorado
A w tobie ma Warszawo mój dom
Wszyscy złotą autostradą
Chcą do Eldorado
A w tobie ma Warszawo mój dom
Ach tak, Boston, Kolorado
Chcą do Eldorado
A w tobie ma Warszawo mój dom

[Przejście: sanah & Daria Zawiałow]
Wla, Saskerland
Chcemy zobaczyć wiślany brzeg
Joli Bord, Merymont
Chcemy zobaczyć wiślany brzeg
Wla, Saskerland
Chcemy zobaczyć wiślany brzeg
Joli Bord, Merymont
Chcemy zobaczyć wiślany brzeg

[Refren: sanah & Daria Zawiałow]
Wszyscy złotą autostradą
Chcą do Eldorado
A w tobie ma Warszawo mój dom
Ach tak, Boston, Kolorado
Chcą do Eldorado
A w tobie ma Warszawo mój dom
Wszyscy złotą autostradą
Chcą do Eldorado
A w tobie ma Warszawo mój dom
Ach tak, Boston, Kolorado
Chcą do Eldorado
A w tobie ma Warszawo mój dom

[Outro: sanah & Daria Zawiałow]
Wszyscy chcemy zobaczyć wiślany brzeg
Wszyscy chcemy zobaczyć wiślany brzeg
Wszyscy chcemy zobaczyć wiślany brzeg
Wszyscy chcemy zobaczyć wiślany brzeg"
sanah,Marcepan,"[Tekst piosenki ""Marcepan""]

[Intro]
Mhm

[Refren]
Marlboro palić chciał w moim aucie
Fora ze dwora, bye, bye (mhm)
A w głowie tylko miał śmieciowe żarcie
Fora ze dwora, bye, bye (mhm)

[Zwrotka 1]
Dziś czeka mnie rejs uczę się od Kolumba
I do tego ta zumba, zumba
Chociaż długo hardcorowo padał deszcz (padał deszcz)
Dzisiaj wiem to nie dramat tylko skecz (m-m, o nie)

[Przedrefren]
Sanah wylej znowu morze łez
Na Titanicu (to taki statek)
Miód, marcepan, kwiatów cały pęk
W bagażniku (U!)

[Refren]
Marlboro palić chciał w moim aucie
Fora ze dwora, bye, bye (mhm)
A w głowie tylko miał śmieciowe żarcie
Fora ze dwora, bye, bye (mhm)

[Zwrotka 2]
A ta kaśka powiadała tak
Trzeba usta mieć i szyk jak Angelina, jak Angelina
A ja w swojej skórze skacze tak
Żeby każdy ruch mnie niósł jak trampolina
Kaśka przegina

[Przedrefren]
Dziś w shołbizie ja kołysze się
Jak gondola (o-o-oł)
Wszyscy wokół koka no, a ja Coca-Cola (zero!)

[Refren]
Marlboro palić chciał w moim aucie
Fora ze dwora, bye, bye (mhm)
A w głowie tylko miał śmieciowe żarcie
Fora ze dwora, bye, bye (mhm)
Marlboro palić chciał w moim aucie
Fora ze dwora, bye, bye (mhm)
A w głowie tylko miał śmieciowe żarcie
Fora ze dwora, bye, bye (mhm)

[Przejście]
Mam zielone, światło mam zielone
I bioderka w prawo, lewo i cześć, łu!
Co gadają pal sześć
Mam zielone, światło mam zielone
A w lusterkach żegnam cały ten stres, łu!
Co gadają pal sześć
Mam zielone, światło mam zielone
I bioderka w prawo, lewo i cześć, łu!
Co gadają pal sześć
Mam zielone, światło mam zielone
A w lusterkach żegnam cały ten stres, łu!
Co gadają pal sześć
Mhm"
sanah,Ostatnia nadzieja,"[Tekst piosenki ""Ostatnia nadzieja""]

[Zwrotka 1: sanah]
Miał pod nosem czarny wąs
Rozdawał koniaki
Liczył na drobniaki
Ten błagający wzrok
Chciałby uciec stąd
Biegł, a wszystko to co miał
To w kieszeni pyszny trunek
I jeden kierunek
By lecieć tam, gdzie ptak
A śpiewał sobie tak

[Refren: sanah]
Wszystko to, co mam
Wszystko to, co mam
To ta nadzieja, że życie mnie poskleja
Dziś odchodzę sam
Dziś odchodzę sam
Już nie zawrócę
To wszystko dziś porzucę
Ja się zarzekam, uciekam
Dość mam przeznaczenia
Po co zwlekać, czekać
Gdy się nic nie zmienia
Moja mama, mówiła
Ostatnia umiera nadzieja

[Zwrotka 2: Dawid Podsiadło]
Drżał jej we włosach piękny kwiat
Ze strachu, że go zmieni
Gdy się przestanie mienić
Więc prężył się jak kot
Gdy w lustro wbiła wzrok
Strzał
Lubiła trafiać tam
Skąd wypływała rzeka
Ta burgundowa rzeka
Lеcz popełniła błąd
Zbyt wiele sеrc na stos

[Refren: sanah & Dawid Podsiadło]
Wszystko to, co mam
Wszystko to, co mam
To ta nadzieja, że życie mnie poskleja
Dziś odchodzę sam
Dziś odchodzę sam
Już nie zawrócę
To wszystko dziś porzucę
Ja się zarzekam, uciekam
Dość mam przeznaczenia
Po co zwlekać, czekać
Gdy się nic nie zmienia
Moja mama, mówiła
Ostatnia umiera nadzieja"
sanah,ten Stan,"[Tekst piosenki ""ten Stan""]

[Zwrotka 1]
Da-rara-raj
Miły tak dla mnie twój cygara dym
W ciemnym szkle coś na dnie
I stary film
Miejski szyk i na żel włosy w tył
Taki styl, taki styl, mh, mh

[Przed-refren]
Pamiętasz po imprezie Starbucks był, był
Zabrałeś mnie na kawę, niezły deal, deal
Gdzieś tam pisałam o tym znowu ty, ty
Tak patrzysz na mnie, że rumieńce kradniesz

[Refren]
A ja cię lubię
Aż za bardzo przez to myślę już o ślubie
O ślubie już
I mam nadzieję, że ty też
Mnie chcesz
Pachniesz jak wiosenny bez
Tak lubię cię, lubię cię jak
Na zabój tak
Ja cię lubię
Aż za bardzo przez to myślę już o ślubie
O ślubie już
I mam nadzieję, że ty też
Mnie chcesz
Pachniesz jak wiosenny bez
Tak lubię cię, lubię cię jak
Na zabój lubię

[Zwrotka 2]
Całe dniе zapisuję twój obraz byś
W każdej chwili mógł w moim iPhonie być
Lubię gdy na gitarze podgrywasz mi
Taki styl, taki styl

[Przed-refren]
Pamiętasz po imprеzie Starbucks był, był
Zabrałeś mnie na kawę, niezły deal, deal
Gdzieś tam pisałam o tym znowu ty, ty
Tak patrzysz na mnie, że rumieńce kradniesz

[Refren]
A ja cię lubię
Aż za bardzo przez to myślę już o ślubie
O ślubie już
I mam nadzieję, że ty też
Mnie chcesz
Pachniesz jak wiosenny bez
Tak lubię cię, lubię cię jak
Na zabój tak
Ja cię lubię
Aż za bardzo przez to myślę już o ślubie
O ślubie już
I mam nadzieję, że ty też
Mnie chcesz
Pachniesz jak wiosenny bez
Tak lubię cię, lubię cię jak
Na zabój lubię

[Bridge]
Uu-uu
Czy odbiło mi, czy mi odbiło
Uu-uu
Tak miło mi się porobiło

[Refren]
A ja cię lubię
Aż za bardzo przez to myślę już o ślubie
O ślubie już
I mam nadzieję, że ty też
Mnie chcesz
Pachniesz jak wiosenny bez
Tak lubię cię, lubię cię jak
Na zabój tak
Ja cię lubię
Aż za bardzo przez to myślę już o ślubie
O ślubie już
I mam nadzieję, że ty też
Mnie chcesz
Pachniesz jak wiosenny bez
Tak lubię cię, lubię cię jak
Na zabój lubię"
sanah,Melodia,"[Tekst piosenki ""Melodia""]

[Zwrotka 1]
Musiałam uciec stąd na jakiś czas
Wróciłam nie taka sama
Żebym nie czuła, gdy zaboli mnie
Chcę dziś tańczyć do rana
Tylko tańczyć do rana, nie…

[Przedrefren]
Nie powiedział nikt, że to będzie proste
Nie uprzedził nikt, że wyleję łzy
Czy za dużo ich, trochę to żałosne
Co zostało mi

[Refren]
Została mi tylko melodia
Zagłusza płacz, mówię sobie
Tańcz, tańcz, tańcz, ale nie wiem jak
Pociesza mnie tylko melodia
Tłumi mój żal, mówię sobie
Tańcz, tańcz, tańcz, może to coś da

[Zwrotka 2]
Dla Ciebie słowa nie znaczyły nic
A ja na serio je brałam
Dla Ciebie byłam jedną z wielu pań
A ja już ślub planowałam

[Przedrefren]
Oooo
Znowu sama zostałam
Sama

[Refren]
Została mi tylko melodia
Zagłusza płacz, mówię sobie
Tańcz, tańcz, tańcz, ale nie wiem jak
Pociesza mnie tylko melodia
Tłumi mój żal, mówię sobie
Tańcz, tańcz, tańcz, może to coś da
Została mi tylko melodia
Zagłusza płacz, mówię sobie
Tańcz, tańcz, tańcz, ale nie wiem jak
Pociesza mnie tylko melodia
Tłumi mój żal, mówię sobie
Tańcz, tańcz, tańcz, może to coś da

[Przejście]
Kołysz, kołysz, kołysz, kołysz
Kołysz, kołysz, kołysz, kołysz

[Refren]
Została mi tylko melodia
Zagłusza płacz, mówię sobie
Tańcz, tańcz, tańcz, ale nie wiem jak
Pociesza mnie tylko melodia
Tłumi mój żal, mówię sobie
Tańcz, tańcz, tańcz, może to coś da

[Zarefren]
Nie powiedział nikt, że to będzie proste
Nie uprzedził nikt, że wyleję łzy
Czy za dużo ich, trochę to żałosne
Co zostało mi

[Outro]
Pozostała w mojej głowie ta melodia
Do jej nutek tańczę sobie
Gra melodia"
sanah,Tęsknię sobie,"[Tekst piosenki ""Tęsknię sobie""]

[Zwrotka 1: sanah]
Śmiesznie jak płynie czas
On podpowiadał nie raz
Mówiłam jeszcze powalczę
Chciałeś za kilka lat
Mieć u stóp cały świat
Patrzyłam na to przez palce

[Przedrefren: sanah]
Kolejny raz sercem się baw
I tak jest od lat bezradne
Nie ufam ci już, odejdź z mych snów
Niczego dziś tak nie pragnę

[Refren: sanah]
Wiem beze mnie tobie będzie dużo lżej
To już wiem
To już wiem o tobie
Głucha cisza gdy jesteś daleko hen
To nie sen
Tylko tęsknię sobie

[Zwrotka 2: Artur Rojek]
Wybacz traciłem czas
Tyle rzeczy nie tak
Myślałem, żе tak już skończę
Nie odbieraj mi szans
Jestеś wszystkim co mam
Pójdę za tobą gdzie powiesz

[Przedrefren: Artur Rojek]
Kolejny raz inny ten sam
Łzy płoną w środku serca
Głupio mi tak, zawiodłem nas
Nie ma już dla mnie miejsca

[Refren: sanah i Artur Rojek]
Wiem beze mnie tobie będzie dużo lżej
To już wiem
To już wiem o tobie
Głucha cisza gdy jesteś daleko hen
To nie sen
Tylko tęsknię sobie
Wiem beze mnie tobie będzie dużo lżej
To już wiem
To już wiem o tobie
Głucha cisza gdy jesteś daleko hen
To nie sen
Tylko tęsknię sobie

[Zarefren: sanah i Artur Rojek]
Po tobie, po tobie
Po tobie tęsknię sobie
Po tobie, po tobie
Po tobie tęsknię sobie

[Przedrefren: sanah i Artur Rojek]
Kolejny raz sercem się baw
I tak jest od lat bezradne
Nie ufam ci już, odejdź z mych snów
Niczego dziś tak nie pragnę
Kolejny raz sercem się baw
I tak jest od lat bezradne
Nie ufam ci już, odejdź z mych snów
Niczego dziś tak nie pragnę

[Refren: Sanah]
Wiem beze mnie tobie będzie dużo lżej
To już wiem
To już wiem o tobie
Głucha cisza gdy jesteś daleko hen
To nie sen
Tylko tęsknię sobie"
sanah,Aniołom Szepnij To,"[Tekst piosenki ""Aniołom szepnij to""]

[Zwrotka 1]
Ile ja bym dała, by widzieć Ciebie znów
Ile niewypowiedzianych mam w głowie słów
I czy nie zimno, czy nie zimno Ci tam?
Tak mało dałeś sobie szans

[Refren]
Już jest po, więc aniołom szepnij to
Że tęskni ktoś za dotykiem Twoich rąk
Że głodowałeś za dnia, ale dawałeś ile się da
Już jest po, więc aniołom szepnij to

[Zwrotka 2]
Co mi tutaj po tym, że będę Ciebie chcieć
A może niebo chciało Cię bliżej mieć
A teraz zima, zimno bez Ciebie tu
Tak dużo mogłam dać Ci słów

[Refren]
Ale już jest po, więc aniołom szepnij to
Że tęskni ktoś za dotykiem Twoich rąk
Że głodowałeś za dnia, ale dawałeś ile się da
Już jest po, więc aniołom szepnij to

[Przejście]
Ja będę czekać
Nie bój nie, nie bój nie
Ja będę wołać
Wołać Cię, wołać Cię
Ja będę prosić
By jeszcze raz
Zobaczyć Twoją twarz

[Refren]
Już jest po, więc aniołom szepnij to
Że tęskni ktoś za dotykiem Twoich rąk
Że głodowałeś za dnia, ale dawałeś ile się da
Już jest po, więc aniołom szepnij to"
sanah,Królowa dram,"[Zwrotka 1]
Ja modliłam się długo
Tylko
O jedno
By przy sobie kogoś mieć
Czemu dzisiaj tu tak pusto
Smutno
Ponuro
Czy nie tak coś ze mną jest

[Zwrotka 2]
Mówią o mnie raczej zdolna
Mądra
Skromna
A ja wątpię czy tak jest
Dzisiaj czuję się niechciana
Sama
Sanah
Czy ktoś taką zechce mnie

[Przedrefren]
O nie
Czy rozkręcę się
I poniesie mnie
Poniesie mnie
Poniesie mnie

[Refren]
A póki co dziwi mnie to
Że lubię me łzy
Bo taki mam styl
Przecież i tak czaru mi brak
A na drugie mam
Królowa dram
A póki co dziwi mnie to
Że mimo tych łez
Dobrze mi jest
Przecież i tak czaru mi brak
A na drugie mam
Królowa dram
Królowa dram

[Zwrotka 3]
Inne patrzą się tak pięknie
Namiętnie
Ponętnie
Ja w podłogę wbijam wzrok
Chodzą jak w zwolnionym tempie
Tak pewnie
Zwiewnie
U mnie wciąż nieśmiały krok

[Przedrefren]
O nie
Czy rozkręcę się
I poniesie mnie
Poniesie mnie
Poniesie mnie

[Refren]
A póki co dziwi mnie to
Że lubię me łzy
Bo taki mam styl
Przecież i tak czaru mi brak
A na drugie mam
Królowa dram
A póki co dziwi mnie to
Że mimo tych łez
Dobrze mi jest
Przecież i tak czaru mi brak
A na drugie mam
Królowa dram
Królowa dram

[Outro]
Tak na drugie mam
Królowa dram
Ja modliłam się długo
Tylko
O jedno
By przy sobie kogoś mieć"
sanah,Szary świat,"[Tekst piosenki ""Szary świat]

[Zwrotka 1: sanah]
Lubiła róże
I śpiewała jazz
Wiecznie nie w swojej skórze
Pytała, jak to jest
Zanurzona w marzeniach
Gdy wkładała dres
Mówili tak w telewizji
Trzeba jakieś mieć

[Przedrefren: sanah]
A gdyby na parkiet ktoś
Porwał ją choć raz
Zniknąłby cały świat
Gdy orkiestra gra
Lecz ta melodia się skończy i tak

[Refren: Sanah]
Tańcz ze mną
Niech ściany się kręcą
No tańcz
Ta melodia się skończy i tak
Tańcz ze mną
Sekundy pędzą
No tańcz
Potem powróci mój szary świat

[Zwrotka 2: Kwiat Jabłoni]
On lubił się włóczyć po mieście co dzień
Na pamięć ulic się uczyć
Przyjacielem cień
Mieszkanie nieduże i kredytów pięć
Bez windy na samej górze
Uśmiechnięty szedł

[Przedrefren: Kwiat Jabłoni]
A gdyby na parkiet ktoś
Porwał go choć raz
Zniknąłby cały świat
Gry orkiestra gra
Lecz ta melodia się skończy i tak

[Refren: Kwiat Jabłoni i Sanah]
Tańcz ze mną
Niech ściany się kręcą
No tańcz
Ta melodia się skończy i tak
Tańcz ze mną
Sekundy pędzą
No tańcz
Potem powróci mój szary świat
Wróci mój szary świat
No tańcz
Potem powróci mój
Wróci mój szary świat
No tańcz
Potem powróci mój szary świat

Tańcz ze mną
Niech ściany się kręcą
No tańcz
Ta melodia się skończy i tak
Tańcz ze mną
Sekundy pędzą
No tańcz
Potem powróci mój szary świat
Tańcz ze mną
Niech ściany się kręcą
No tańcz
Ta melodia się skończy i tak
Tańcz ze mną
Sekundy pędzą
No tańcz
Potem powróci mój szary świat"
sanah,Nic dwa razy (W. Szymborska),"[Tekst piosenki ""Nic dwa razy (W. Szymborska)""]

[Zwrotka 1]
Nic dwa razy się nie zdarza
I nie zdarzy. Z tej przyczyny
Zrodziliśmy się bez wprawy
I pomrzemy bez rutyny

Choćbyśmy uczniami byli
Najtępszymi w szkole świata
Nie będziemy repetować
Żadnej zimy ani lata

[Przed-refren]
Żaden dzień się nie powtórzy
Nie ma dwóch podobnych nocy
Dwóch tych samych pocałunków
Dwóch jednakich spojrzeń w oczy

[Refren]
Wczoraj, kiedy twoje imię
Ktoś wymówił przy mnie głośno
Tak mi było, jakby róża
Przez otwarte wpadła okno

Wczoraj, kiedy twoje imię
Ktoś wymówił przy mnie głośno
Tak mi było, jakby róża
Przez otwarte wpadła okno

[Zwrotka 2]
Dziś, kiedy jesteśmy razem
Odwróciłam twarz ku ścianie
Róża? Jak wygląda róża?
Czy to kwiat? A może kamień?

Czemu ty się, zła godzino
Z niepotrzebnym mieszasz lękiem?
Jesteś - a więc musisz minąć
Miniesz - a więc to jest piękne

[Refren]
Wczoraj, kiedy twoje imię
Ktoś wymówił przy mnie głośno
Tak mi było, jakby róża
Przez otwarte wpadła okno

Wczoraj, kiedy twoje imię
Ktoś wymówił przy mnie głośno
Tak mi było, jakby róża
Przez otwarte wpadła okno

[Przejście]
Uśmiechnięci, współobjęci
Spróbujemy szukać zgody
Choć różnimy się od siebie
Jak dwie krople czystej wody

Uśmiechnięci, współobjęci
Spróbujemy szukać zgody
Choć różnimy się od siebie
Jak dwie krople czystej wody

[Outro]
Czemu ty się, zła godzino
Z niepotrzebnym mieszasz lękiem?
Jesteś - a więc musisz minąć
Miniesz - a więc to jest piękne"
sanah,etc.,"[Tekst piosenki ""etc.""]

[Zwrotka 1]
Skąd te rumieńce mam?
One będą rozkwitały całe dnie
Jeśli mi słówko dasz
Że zostanę w twej pamięci

[Przedrefren]
Oczy me jak diamenty
One do pana niepytane mienią się
Wpadnie pan jak w odmęty
W nie

[Refren]
Twe dłonie
Jak konwalie
Na mej skroni tańcują już (Aa)
Chwytasz
Moją talię
A na buzi szminka i róż (Aa)
Zanim popłynie łza
Czule włosy me przeplataj
No i et cetera
Et cetera
Et cetera

[Zwrotka 2]
Niechże już byle kto
Mojej rączki nie całuje byle jak
Przecież wiadome to
Żе mam słabość do bruneta

[Przedrefren]
Oczy me jak diamenty
Onе do pana niepytane mienią się
Wpadnie pan jak w odmęty
W nie

[Refren]
Twe dłonie
Jak konwalie
Na mej skroni tańcują już (Aa)
Chwytasz
Moją talię
A na buzi szminka i róż (Aa)
Zanim popłynie łza
Czule włosy me przeplataj
No i et cetera
Et cetera
Et cetera

[Przejście]
A tyś mówił mi dziś
Że ja jestem twa
A tyś mówił mi dziś
To ty miła aaa
A tyś mówił mi dziś
Że ja jestem twa
A tyś mówił mi dziś
To ty miła aaa

[Refren]
Twe dłonie
Jak konwalie
Na mej skroni tańcują już (Aa)
Chwytasz
Moją talię
A na buzi szminka i róż (Aa)
Zanim popłynie łza
Czule włosy me przeplataj
No i et cetera
Et cetera
Et cetera"
Bedoes 2115,Kamień z serca,"[Intro]
Takefun: Pan Bedoes, populizm pod publiczkę
Skopzzor: Panie Bedoes
Frosti: Bedoesa to, wiadomo, jebać, no, od zawsze
Sentino: Bedoes według mnie z młodszego pokolenia jest najlepszym artystą
Doda: Bedoes napisał o mnie piosenkę i bym bardzo chciała z nim—
Natan Zgorzyk: Nikt tak nie potrafi zmotywować jak Bedoes
NitroZyniak: Bo Bedoes od pięciu lat jest asłuchalny
Artur Rawicz
: Za co cenisz Bedoesa? 
AdMa
: Za charyzmę
Rafonix: Z Bedoesa mogliby GTA VI zrobić
Blanka Stajkow: Bardzo lubię twórczość Bedoesa
Reporterka: Zespół Bedoes dwa tysiące sto piętnaście
Tomb: Najbardziej na pewno poświęcałem się tym tekstom, pisząc na Bedoesa
Roxie Węgiel: Jestem Bedoesiarą

[Część I]

[Zwrotka]
Jak byłem mały, marzyłem, by zostać kowbojem — żywy lub martwy
Polują na mnie, jakby mieli otrzymać za to nagrodę
Łączą się w grupy, chwytają się brzytwy, żeby ściąć mi głowę
Dzwoni mój barber Kubi i mówi, że musi wrócić młody Borek
I tak, miałem przerwę, w międzyczasie opuściłem SB
Byłem dobrym bratem, blizna od Żaby na zawsze jest tego świadectwem
Siedem lat z wami tworzyłem legendę, chciałem jedynie założyć swój label
I w ani jednym procencie moje zachowanie nie było niekoleżeńskie
A pomoc Beezy'ego będę pamiętał na serio, na Amen
To był już mem, gdy znów rapowałem
Dziękując Ci średnio co drugi kawałek
Na tamte zaczepki nie odpowiedziałem, bo znaczyłeś dla mnie to samo, co tata
I nie odpowiem, bo nie napluję na te wszystkie lata
Potem punchliner zjedzony w trackach
Przez gnojonego, śmiesznego grubasa
Rzuca wers o narzeczonej, jak desperat bez żadnych zasad
I na co ja mam odpowiadać? Na gazy pośmiertne pseudoprawilniaka?
Dla mnie jesteś martwy, wspomnisz o niej jeszcze raz
To będziesz też dla reszty świata
I szacunek dla starej szkoły, nawet jak go nie mają do mnie
Bo szacunek to nie jest coś, co się daje interesownie
Odkąd pamiętam, chcą zmienić mi marzenia w koszmar
Więc czas obudzić ten kraj, a i tak, skurwiele, dałem wam pospać
Co jest? (Real trap shit)

[Część II]

[Refren]
Kiedyś powiedziałem, że jak będzie trzeba
To zrobię, co trzeba, i trzeba teraz (I co?)
Turn up, turn up, turn up, turn up
Jest robota do zrobienia (I co?)
Parę ciał do wyniesienia (I co?)
Bałagan do posprzątania (I co?)
Turn up, turn up, turn up, turn up
Nie ma co się opierdalać (Let's go)
Kiedyś powiedziałem, że jak będzie trzeba
To zrobię, co trzeba, i trzeba teraz (I co?)
Turn up, turn up, turn up, turn up
Jest robota do zrobienia (I co?)
Parę ciał do wyniesienia (I co?)
Bałagan do posprzątania (I co?)
Turn up, turn up, turn up, turn up
Nie ma co się opierdalać (Let's go)

[Zwrotka 1]
Nienawidzę nienawiści, ale zagryzę każdego tyrana — Borek
A jak szczekasz na Bedopsa, to módl się, by nie odszczekał ten z Gustawa (Woof)
Pod krzykiem ukrywam emocje, bo wychowywała mnie babcia i mama
Nie mam bipolara, ale jak obrażasz
(
Dobra, Ty też wypierdalasz
)
Borek
Jeśli bycie hipokrytą oznacza bronienie swoich, to chuj, mogę być nim
Hip-hop lata mnie pierdoli, a ja twardy stoję, nawet w chujowej pozycji
Baśka miała fajny biust, ja mam w sobie dwa wilki
Jeden chce darzyć miłością wszystkich — taką, której drugi nie otrzymał nigdy
Spoczywaj w pokoju, Leszek, Kacper, Mateusz, Sara
Robię to dla was — choćby w ryj napierdalał, to gaz pieprzowy i pała
Ja jestem krzykiem tego pokolenia, a nie żadnym wzorem do naśladowania
A jak byłem gnojem, w Stodole zrobiłem trzodę, ale teraz w głowie spora zmiana — Borek
Stoję na biznesie zawsze, kiedy staję na jebanej podeszwie
Będę ojcem, będę mężem, muszę zmądrzeć, ale, kurwa, nie chcę
Nowe Porsche, ale nim kręcę ciągle na rezerwie, jak w dziadka Vectrze (Skrrrt)
Shout-out: Marek, Dominik i Artur
Może nie mam tylu punchy, co Tomb, tylu karków, co Szpaku
Tylu gitar, co Chivas, tylu fanów, co Taco
Tyle fur, co ma White, tylu akcji, co Kaz
Ale nikt nie był bardziej jebany niż ja (Gang)
Jak jechałem na zdjęcie raperów, to wziąłem ze sobą jaja i starczyło
Ale ja zawsze gotowy, co by się nie wydarzyło
Rozłożyłem kołdrę i poduszki w bagażniku
Daj mi więcej wrogów, więcej dymu
Jezu Chryste, Kubi, więcej beatów
Weź mi dojeb jeszcze więcej, Igor
Aż mi to wszystko jebnie z gryfu
Więcej kłamstw, więcej dissów
Więcej węży, więcej lisów
I więcej plujcie mi na imię, bo wtedy najbardziej czuję, że żyję

[Refren]
Kiedyś powiedziałem, że jak będzie trzeba
To zrobię, co trzeba, i trzeba teraz (I co?)
Turn up, turn up, turn up, turn up
Jest robota do zrobienia (I co?)
Parę ciał do wyniesienia (I co?)
Bałagan do posprzątania (I co?)
Turn up, turn up, turn up, turn up
Nie ma co się opierdalać (Let's go)
Kiedyś powiedziałem, że jak będzie trzeba
To zrobię, co trzeba, i trzeba teraz (I co?)
Turn up, turn up, turn up, turn up
Jest robota do zrobienia (I co?)
Parę ciał do wyniesienia (I co?)
Bałagan do posprzątania (I co?)
Turn up, turn up, turn up, turn up
Nie ma co się opierdalać (Let's go)

[Zwrotka 2]
Żeby zaoszczędzić parę złotych, w jednej wodzie kąpały się trzy osoby
Powiedz mi, Ty dziennikarska kurwo — czy jestem wystarczająco hip-hopowy?
Wciąż nawijam o rodzinie, a głównym tematem jest to, że mój tata nie żyje
I jeśli choć jeden dzieciak dzięki temu poczuje się lepiej, to szczam na opinie
Zbiłem pięć z Filipkiem, pięć z Matczakiem, pięć z Guziorem
Umiem lać sobie na łeb szampana, ale umiem też posypać łeb popiołem
Wróciłem od kosmetyczki, żeby sobie popierdolić populizmy
Więc jest szansa na to, że w tym roku Fryderyki może znowu będą hip-hopowe
W necie jest filmik, jak dostaję kopa, bo stanąłem w czyjejś obronie
Widziałem, jak typy szarpią dziewczynę, a małolat pytał mnie, czy jej pomogę
Co byś zrobił na mym miejscu?
Dziś to jebię, bo doskonale wiem, co robię
I mam nadzieję, że żaden mój fan od słabszych nie odwróci głowy
I nieraz byłem we krwi jak tampon, mieszkałem w piździe, na dnie jak Spongebob
Jestem w swoim prime jak Kasjo, jak chcesz Fame — zrobię Cię sławnym za darmo
Ty, gangsterze, jak trzymasz palec na spuście na zdjęciu z pożyczoną klamką
To wyglądasz jak jakiś aktor z W-11, a nie jak Pop Smoke
Ja musiałem szybciej dorosnąć — tam, gdzie rekiny, się uczyłem pływać
A mój najpopularniejszy love song jest do dziewczyny, która mnie zdradziła
Jebać te dissy, chcesz reakcji? To będziesz w TV jak Muzyka
A moi wrogowie mogą zrobić laski, jakbym co najmniej kuśtykał — Borek
Dla nich jestem kurwą, ale zawsze spojrzę w lustro
Bo moim największym wstydem jest to, że długo moczyłem się w łóżko
Nie umiałem wiązać butów, bez pluszaka nie umiałem usnąć
Ale nigdy nie zawiodłem brata, każdą bułką dzieląc się po równo

[Przejście: Bedoes, Takefun, Eryk Moczko]
Bedopies, Bedośmieć, Bedoes
(Bedoes jest jednocześnie tak zakłamanym, populistycznym, grubym, kurwa, wieprzem i cwelem)
Bedopies, Bedośmieć, Bedoes
(I, i ogólnie widzę to w Borysie, że bardzo jest pomocny)
Bedopies, Bedośmieć, Bedoes
(Przeszedł już swoją drogę i gdzieś tam wyciąga tą rękę do, do młodych artystów)
Bedopies, Bedośmieć, Bedoes

[Część III]

[Zwrotka]
Moja mama miała raka, kiedy nagrywałem Rewolucję Romantyczną
Najebała skurwielowi, bo zawsze mówiła: 
""synuś, można wszystko""
A jak śmieszy Cię ""BEDOESIARA"", to Cię jebać w pusty łeb i wszystko
Bo zrobiłem to dla Karoliny, która pokonała śmierć kliniczną
""Jebać Bedoesa"" na ścianie, czasem też tak o sobie myślałem
Nie zajmuję się PR-em i nie kalkuluję, gdy piszę kawałek
To wychodzi ze mnie — nie myślę, co mówię, i przez to bardzo często mam przejebane
Już nie mam wymówek, biorę to na klatę, bo chciałbym być ojcem, którego nie miałem
Kubańczyk obraził publicznie, przeprosił publicznie i, kurwa, po sprawie
Bo tak zachowuje się facet, nie raper, co rzuca zaczepkę co drugi kawałek
Nie bawię się z wami w jednej piaskownicy — te pieprzenie przyprawia mnie o żenadę
I w chuju mam waszą opinię, bo tylko Behringer mnie słuchał, kiedy zaczynałem

[Outro]
Od zawsze robiłem hip-hop
Jak było hejtów siedem, siedemnaście czy siedemdziesiąt
Gróźb śmierci dostałem chyba z tysiąc
I będę robił choćbym miał milion"
Bedoes 2115,Jesteś ładniejsza niż na zdjęciach (na zawsze),"[Intro]
[Wokalizowanie]

[Zwrotka 1]
Mam nadzieję, że jesteś szczęśliwsza beze mnie
I mam to na myśli, nie tylko tak śpiewam
Kto z miłości nie umarł, nie potrafi żyć
Ja nie chciałem tak szybko umierać
I nie śpiewam tego dlatego, byś do mnie wróciła
Lub żeby współczuli mi
Lecz muszę to z siebie wyrzucić
Bo nie pomogło Fendi, Gucci czy Louis V
Wiem, że oglądasz mnie z innego konta
Skąd wiem? Ja też oglądam
I wszyscy wokół mówią mi, że mam 21 lat
I że mam czas kogoś poznać
Ale ja nie chcę już nikomu ufać
Nie skoro tak to wygląda

[Interluda 1]
Ty mnie nauczyłaś jeździć
Inni mnie proszą bym zwolnił
Więc jeżdżę sam coraz częściej i szybciej
I staram się przy tym nie rozbić
To moja wina, ja kocham za mocno, a moja miłość jest toksyczna
Nigdy się nie umiałem przyznać

[Refren]
Jesteś ładniejsza niż na zdjęciach, a na nich już byłaś piękna
Powiedz mi ile to znaczy „na zawsze”?
Jesteś ładniejsza niż na zdjęciach, a na nich już byłaś piękna
Powiedz mi ile to znaczy „na zawsze”?
Jesteś ładniejsza niż na zdjęciach, a na nich już byłaś piękna
Na zawsze
Na zawsze
Na zawsze

[Zwrotka 2]
Wokół ludzi czuję nieswojo się
Ale ty potrafisz z tego wyleczyć
Jak chcieli mnie zabić, ty jeździłaś ze mną
A w torebce nosiłaś dwa pistolety
Oj nie, nie, nie, nie, nie
Ty nigdy nie wbijesz mi noża w plecy
Jesteś mój G, jesteś OG
Jeśli jedziemy to, kurwa, jedziemy
Już nigdy nie chcę sam być
Będę cię kochać, aż będę martwy
Dla innych jestem największy
Ale dla ciebie dziś będę mały
Albo będę duży
Porwę cię tam, gdzie już nie będzie burzy
Choć kocham kiedy pada na nas deszcz
Odjebię skurwiela, jeśli ciebie ruszy, no bo ciebie...

[Interluda 2]
Ko-o-o-cham, nie widzę sensu bez ciebie
Ty jesteś mą małą „Bibi”
Codziennie masz urodziny
Co dzień będę śpiewał „Sto lat”
Nie widzę sensu bez ciebie
Już przestań pierdolić i wsiadaj
Nie chcę siedzieć w range'u bez ciebie

[Refren]
Jesteś ładniejsza niż na zdjęciach, a na nich już byłaś piękna
Powiedz mi ile to znaczy „na zawsze”?
Jesteś ładniejsza niż na zdjęciach, a na nich już byłaś piękna
Powiedz mi ile to znaczy „na zawsze”?
Jesteś ładniejsza niż na zdjęciach, a na nich już byłaś piękna
Na zawsze
Na zawsze
Na zawsze"
Bedoes 2115,05:05,"[Zwrotka 1]
Ona patrzy na mnie, szepcze mi, że ją to boli
Mówi mi, że jestem diabłem, ale woła Boga zawsze, jak dochodzi
Wyjątkowo szybkie auto, ale chuj obchodzi mnie to, ile koni (skrrr)
Nocne życie, nocna miłość, szybkie związki - czuję się już tak jak Sonic
Mój menago dzwoni, dzwoni, dzwoni, dzwoni, dzwoni
Mój menago kocha mnie jak syna, a twój z ciebie byku tylko doi
Jeśli umiesz liczyć, no to czym prędzej weź kalkulator do swej dłoni
Dodaj mój wiek, do tego koncerty i do tego miejsce debiutu na OLiS
Nic nie boli tak, nic nie boli jak, nic nie boli tak jak zdrada
Byłaś dla mnie moim słońcem, dzisiaj kocham, kiedy pada
Byłeś dla mnie moim ziomkiem, miałem cię za mego brata
Dzisiaj złapcie się za ręce i możecie wypierdalać
Czwarta cztery, piąta pięć, szósta sześć
Czwarta cztery, piąta pięć, szósta sześć
Czwarta cztery, piąta pięć, szósta sześć
W mojej głowie forsa, stres, w twojej głowie wódka, seks, bo...

[Refren]
Dziewczyny chcą się tylko ciągle bawić
Dziewczyny chcą próbować nowe dragi
Dziewczyny chcą spróbować z dziewczynami
Bo dziewczyny są tylko dziewczynami
Dziewczyny chcą się tylko ciągle bawić
Dziewczyny chcą próbować nowe dragi
Dziewczyny chcą spróbować z dziewczynami
Moje serce ciągle krwawi

[Bridge]
Czwarta cztery, piąta pięć, szósta sześć

[Zwrotka 2]
Mam na sobie nowe buty, gram z ziomem w najnowszą Fifę
Szesnaście lat spędził w domu dziecka, kurwo, nie mów nam, że coś przeżyłeś
Moja mała ma depresję, kłócimy się przez Messenger
Mówi mi, że jestem dzieckiem, wielka pani studiująca medycynę
Mam miłość dla moich ludzi w Milanówku, Krakowie albo Szczecinie
Jeśli jesteś z nami, no to jesteś i nieważne gdzie się urodziłeś
Czy w Poznaniu, Gdańsku, Słupsku, Bydgoszczy, Warszawie albo Koszalinie
Południe, północ, wschód czy zachód, zróbcie hałas dla drużyny
Zróbcie hałas dla drużyny, trzęś tym mała dla drużyny
Jakbyś miała urodziny, pokaż mi to co najlepsze
Zróbcie hałas dla drużyny, trzęś tym mała dla drużyny
Jakbyś miała urodziny, wyjebane w konsekwencje

[Refren]
Dziewczyny chcą się tylko ciągle bawić
Dziewczyny chcą próbować nowe dragi
Dziewczyny chcą spróbować z dziewczynami
Bo dziewczyny są tylko dziewczynami
Dziewczyny chcą się tylko ciągle bawić
Dziewczyny chcą próbować nowe dragi
Dziewczyny chcą spróbować z dziewczynami
Moje serce ciągle krwawi"
Bedoes 2115,1998 (mam to we krwi),"[Intro: Bedoes]
Ty szanujesz ludzi za to, jakie mają zegarki
Ja szanuję samotne matki
Nie piję z VIP-ami i nie palę trawki
Bo wszedłem do branży z tej jebanej klatki
Te same dziewczyny, w których się kochałem
To dzisiaj dziewczyny, co nie mają gracji
Poczytaj poezję lub idź do muzeum
I przestań wysyłać chłopakom obrazki, mała

[Zwrotka 1: Bedoes]
Stać cię na więcej
Trzymam ciśnienie, choć stać mnie na Bentley
I stać mnie na Bentley
Małolat mi pisze, że moja muzyka pomogła, kiedy stracił tatę na pętli
Więc nie mogę kurwa go zawieść
Więc nie ćpam jak kurwa obsraniec
A jak ciebie wkurwia, że jestem wulgarny
To powiedz, po chuj teraz kurwa udajesz
Jestem dumny, że jestem Polakiem
Nie przeszkadza mi chłopak z chłopakiem
I nie jestem z lewej czy prawej
Po prostu za miłość nikt nie powinien płacić płaczem
Posłuchaj wariacie
Jestem wierzący i odmawiam pacierz
A jeśli ktoś nie wierzy w Boga lub ma inną wiarę
To nadal jest kurwa mym bratem

[Refren: Bedoes]
Czterech typów, dwie gazówki i gaz
Tylko po to, by spokojnie iść spać
Są na świecie ludzie, którzy chcą mnie zabić
Jeśli przyjdą, bracie, celuj im w twarz
Czterech typów, dwie gazówki i gaz
Tylko po to, by spokojnie iść spać
Są na świecie ludzie, którzy chcą mnie zabić
Jeśli przyjdą, bracie, celuj im w twarz

[Zwrotka 2: Bedoes]
Pół życia się bałem, byłem gnębiony zawsze przez silniejszych
W szkole, w rapie, w życiu byłem gnębiony zawsze przez silniejszych
Babcia mówiła mi, że dobro zawsze zwycięży
Oni mnie bili i śmiali się, Range Rover jest pełen pragnienia zemsty
Wczoraj wieczorem dostałem telefon
Straciłem kolegę, pomagał mi zbierać lajki pod numerem
Żebym mógł zagrać pierwszy support przed Tede
Więc mam w piździe, kto się znów ze mnie śmieje
Czy jestem prawdziwy przed tamtym raperem czy nie
Ja jestem Be do jebanego eS
Mateusz, spoczywaj w pokoju w niebie
Nie byłem na Openerze, bo według bookera nie szanuję kobiet
Są kobiety, za które idę w ogień i są takie, których nie znoszę
Zbyt szczery na branże, zbyt szczery na loże
A to dopiero początek, jestem 98 i mam...

[Refren: Bedoes]
Czterech typów, dwie gazówki i gaz
Tylko po to, by spokojnie iść spać
Są na świecie ludzie, którzy chcą mnie zabić
Jeśli przyjdą, bracie, celuj im w twarz
Czterech typów, dwie gazówki i gaz
Tylko po to, by spokojnie iść spać
Są na świecie ludzie, którzy chcą mnie zabić
Jeśli przyjdą, bracie, celuj im w twarz

[Zwrotka 3: Bedoes]
Cztery kominiarki na łeb
Cztery gramy ganji na łeb
Jedni tutaj pchają towar, inni najchętniej by kurwa napadli na sklep
Rolls Royce, Lambo, Bentley, Aston
Gangway, mam to, we krwi, szmato
Jestem z bloków, miałem umrzeć na chodniku
Sto tysięcy leży luzem na stoliku
Rzadko kiedy ktoś tutaj ma dwóch rodziców
To dla tych, którzy stracili nadzieję
Jestem z bloków, miałem umrzeć na chodniku
Sto tysięcy leży luzem na stoliku
Rzadko kiedy ktoś tutaj ma dwóch rodziców
To dla tych, którzy stracili nadzieję

[Refren: Bedoes]
Czterech typów, dwie gazówki i gaz
Tylko po to, by spokojnie iść spać
Są na świecie ludzie, którzy chcą mnie zabić
Jeśli przyjdą, bracie, celuj im w twarz
Czterech typów, dwie gazówki i gaz
Tylko po to, by spokojnie iść spać
Są na świecie ludzie, którzy chcą mnie zabić
Jeśli przyjdą, bracie, celuj im w twarz
Celuj im w twarz, celuj im w twarz

[Bridge: Bedoes]
Nie każdy ksiądz to pedofil
Nie każda dziewczyna to kurwa
I nie każdy Polak to złodziej
Nie każdy dotrzyma słowa i nie każdy powie
Ja jestem tylko dzieciakiem i staram się robić swoje i żyć
Co byś zrobił na mym miejscu?
A ty?

[Outro: Mikołaj Wiśniewski]
Kocham Cię, nieważne co by się działo i kurwa, nieważne co by się działo kurwa wokół kurwa, byłem z tobą jak kurwa, pamiętasz jak mieliśmy kurwa 40 tysięcy wyświetleń i się kurwa podniecaliśmy, później było kurwa pół bańki, a później kurwa wyjebało po 8 milionów i kurwa nic się nie zmieniło, kurwa nic między nami i nic wokół kurwa, nieważne co się działo, nieważne co będzie, nieważne czy będzie kurwa 20 milionów, czy kurwa 10 tysięcy, kurwa nic się nie zmieni"
Bedoes 2115,Gustaw,"[Intro]
(
Jaok
: Yyy, a jak oceniasz tę nową falę, która teraz przez YouTube'a się, że tak powiem, wypromowała? Może, może pseudonimami nie będę bardzo sypał, bo się bardzo nie znam, ale taki na przykład Bedoes jest...
Wujek Samo Zło
: No, proszę bardzo, no, właśnie to jest tak, tylko wiesz, on się przez samego YouTube'a nie wylansował. Oczywiście YouTube pomaga teraz młodym artystom, ale ten chłopak po prostu uderzał—)

[Zwrotka 1]
Gdy zaczynałem, to nie miałem nic, każdy się śmiał albo olewał
Chodziłem dwie klasy do prywatnej szkoły, bo mama nie chciała menela
Bo mama chciała jak najlepiej
Nie chciała, by ten blok mnie zeżarł
A dzieciaki z prywatnej szkoły potrafiły śmiać się, że mam tani plecak
Całe dzieciństwo, braciszku, miałem przejebane, a nie miałem pecha
Do trzeciej klasy poszedłem normalnie, to śmiali się, że chodzę w dresach
Mama poleciała na wyspy, sprzątała kible i spała po śmieciach
Babcia się mną zajmowała, bo tata miał w chuju, gdzie jest jego dzieciak
Widziałem melanże
Widziałem brzydkie suki, średnie suki, piękne suki, widziałem każde (każde)
Prawie zamieszkałem na dnie (na dnie), prawie zostałem na winklu
Gucci nie zmienia niczego, bo byłem tak samo prawdziwy
Jak chodziłem w ciuchach kupionych na rynku, Borek!

[Interludium]
(
Eldo
: Bedoes, tak? Który urodził się wtedy, kiedy była bitwa w Płocku. Posłuchałem jego parę kawałków, poza niektórymi, które nie są moją, gdzieś tam, bajką, to jest tekstowo człowiek, który jak będzie konsekwentnie pracował to... świetni ludzie, naprawdę)

[Zwrotka 2]
Podjeżdżam na blok w nowej furze, jakoś rok już nie jeżdżę autobusem, bo już nie muszę
Nie wiem, ile kosztuje Twój koks, piję sobie sok w nowej furze, nie wiem, bo już nie muszę
Ale szanuję tych, co tak jak ja nic nie mieli, to moi ludzie
I w chuju mam, w jakiej kto chodzi bluzie
Gonię marzenia, nie mogą mi uciec (to co!?)
Kto stoi w budzie? Gdzie moje mordy? Kto stoi w budzie?
Ja piszę teksty, a ziomy maturę, a technika jakbym był po polibudzie
(Je-je-je-jestem hardkorem!)
Tak tutaj gadał co drugi, miałeś tu wejść, ale nie weszłeś
Nie jesteś w Ho-Hollywoodzie
M-mój pies ma na imię Gustaw, czemu tak z dupy to wplatam w te wersy?
Bo mój pies ma na imię Gustaw, i nawet on bywa od ciebie mądrzejszy
W swojej galerii trzymałem jedynie obrazy nędzy
Schowaj swój towar i teksty, schowaj swój towar, jedź zobaczyć Meksyk (skrr, skrr)
Moje ziomy pchały marię, dzisiaj Maria jak chce być pchana, to dzwoni (brr)
Gram to dla dobrych dzieciaków ze średnich, bogatych i biednych rodzin (brr)
Nie chce twojego towaru, ani twoich propsów, chuj mnie obchodzisz (brr)
Wpadłem tutaj zagrać koncert najlepszy w Polsce, tak to się robi!

[Interludium]
(
Yurkosky
: Pomysł na kawałek, wykonanie, luz, ja tutaj kupuję takiego Bedoesa, oczywiście to jest klimat ""bedoesowski"", no, i ""haters gonna hate"" i true-school'owe głowy będą kręcić głowami)

[Zwrotka 3]
Pisze o mnie każdy polski hip-hopowy portal
Gada o mnie twoja dupa, koleżanka, kolega i twoja siostra
Czas obudzić ten kraj, a ja i tak skurwiele dałem wam pospać
Twój idol może mi— (co!?), twój idol to zwykły prostak
Pokaż mi drugiego chuja w tym wieku z lepszymi wersami od Borka
Mam miasta i sceny, czarno na białym jak Marta Linkiewicz
Wszędzie nas znają, więc wszędzie wejdziemy, SB litery jak semper fidelis
Nic nie jest za darmo, by ujrzeć ocean, musiałem przepłynąć to szambo
Moja ex dzwoni, nie mogę odebrać, jestem na randce z karmą
Dawaj papier tu, jak chcesz beefu typie, no to KPW
Ale po co ci to? Ale po co, cipo? Miałbyś większe szanse gdzieś na KSW
Ach! Ale chuj! Znowu gdzieś pluje się ćpunek
Włóż rękę w ul, to jej nie wyjmiesz, nie jesteś królem Arturem
Mój menago wie wszystko, mój menago wie kiedy i gdzie
Mój menago mi mówił, że ostatnio mówiłeś brzydko, psie
Od zawsze robiłem hip-hop
Jak było hejtów siedem, siedemnaście czy siedemdziesiąt
I będę robił choćbym miał milion!

[Outro]
(
Mateusz Natali
: A jeżeli miałbyś wybrać osobę z tego najmłodszego pokolenia rapowego, teraz, z tej nowej fali, którą byś.. myślisz, że dobrą płytę byś zrobił, dobrze byście się zgrali w duecie, to kto by to był?
Tede
: Z Bedoesem.)"
Bedoes 2115,Chłopaki nie płaczą,"[Intro]
Jezu Chryste, Kubi!

[Zwrotka 1: Bedoes]
Piłem browar na ławce
Powiedziałaś mi, że mnie kochasz na zawsze
Powiedziałaś mi, ze mnie kochasz na zawsze
Uwielbiałem, gdy szeptałaś mi tę gówno prawdę
Powiedziałem trudno, okazałaś się kur...
Szkoda, że tak późno, a co z tamtą kłódką?
Zrobiłem to z kur..., nieważne co z kłódką
Mam dwadzieścia lat, nieważne co jutro
Chcę mieć cały świat, nie płaczę za kurwą
Na to nie jest bracie za późno

[Pre-Refren: Bedoes]
Też kiedyś dostałem w mordę i miałem złamaną rękę
Też kiedyś dostałem kosza i miałem złamane serce
Też kiedyś było źle, też kiedyś było słabo
Też kiedyś dostałem w mordę i miałem złamaną rękę
Też kiedyś dostałem kosza i miałem złamane serce
Też kiedyś było źle, też kiedyś było słabo
Prawie nie znałem się z tatą

[Refren: Bedoes]
Chłopaki nie płaczą (chłopaki nie płaczą)
Chłopaki nie płaczą (chłopaki nie płaczą)
Chłopaki nie płaczą (chłopaki nie płaczą)
Chłopaki nie płaczą (chłopaki nie płaczą)

[Zwrotka 2: Taco Hemingway]
Chłopaki niech płaczą, chłopaki niech płaczą
Chłopaki niech wiedzą, że wolno im czuć
Jebać kulturę maczo, chłopaki niech uczą się używać słów
A nie łapać za gardło, dotrzymywać danego słowa po grób
I nie pakować się w bagno, mijają się z prawdą
Robią znowu salto mortale
Martwią tylko PLNem albo dolarem
Panowie tu bywają często Almodóvarem
Kobiety widzą tylko skrajnie znerwicowane
Ojcowie ich uczyli, żeby byli silni
By byli tacy sami i nie byli inni
Żeby nie byli słabi, żeby byli zwinni
Bo te panie cię pochłoną tak jak byle Kirby
Chcą ci wiercić dziurę w brzuchu, niby harakiri
Jak coś powiesz będzie mazać się jak panna w jury
Możesz gadać, gadać, gadać, gadać cały dzień
Ale ona nie rozumie tak jak jakaś Siri
(I don't know how to respond to that)

[Bridge: Taco Hemingway]
Tak nas uczą, tak nas uczą, trudno
Już za późno na ładne jutro
Bo skoro tą durną narracją nas raczą, to wcale mnie  nie dziwi, że

[Refren: Bedoes]
Chłopaki nie płaczą (chłopaki nie płaczą)
Chłopaki nie płaczą (chłopaki nie płaczą)
Chłopaki nie płaczą (chłopaki nie płaczą)
Chłopaki nie płaczą (chłopaki nie płaczą)"
Bedoes 2115,Rewolucja Romantyczna,"[Intro: Blu]
Strzelę tobie w łeb i będziesz leżał we krwi
Zrobię z ciebie plamę na ziemi, niech ktoś zadzwoni po policję
Byłeś mi tak bliski, kurwa, byłeś dla mnie wszystkim
Zrobię z ciebie plamę na ziemi, zabiorę ci forsę nim wyschniesz
Bo wiesz, dałam ci duszę
Ty byłeś lekcją dla mnie o tym, by nikomu nie ufać
Bo wiesz, już jestem duża
I jeśli zbliżysz się na krok, to skończysz w jebanych dziurach

[Zwrotka 1: Bedoes]
Jestem idolem dla tak wielu, lecz dla siebie jestem śmieciem
To teren prywatny, skurwysyny, nie wjedziecie
Jeśli stoi ze mną, to na pewno jest pod sprzętem, nie boję się szatana, wyrwę mu jebane serce
Za to boję się Boga, wciąż popełniam grzechy, a mój kontakt z mamą z dnia na dzień staje się coraz gorszy
To dla wszystkich moich zagubionych, teraz nie mówi Bedoes, mówi Borys z Bydgoszczy
Mam wyjebane w posłów, mój kolega z gimnazjum ma podsłuch, trochę trawy, trochę molly, trochę koksu
Nie wiem nic o polityce, siedziałem naćpany na fizyce, co dzień w szkole walczyłem o życie
Dorastałem w patologii, gdzie wokół sami dealerzy, zawsze mi wmawiali, by nienawidzić pedałów
Nienawidzę pedofili, policji i gwałcicieli, ty jak nienawidzisz gejów, chyba masz za dużo czasu
Moje słowa to kałachy, będę kochał moich ludzi, nawet jeśli któryś nagle wyskoczy ze swojej szafy
Bo jestem tak wychowany i to są moje zasady, lojalność na zawsze, a mym wrogom podrywamy mamy
Albo naprawicie kraj, albo zniszczę go do końca, Taco mówił kulturalnie, ale to nie podziałało
Ja się nie będę pierdolił, ja pierdolę w mordę posła i każdego osła, który nie chce pokoju w tym kraju
Robią strefy wolne od LGBT podczas kiedy ten kraj upada i woła tylko o miłość
Polacy za granicą ciągle tęsknią, a Polacy w Polsce tylko kminią jakby to sprawić drugiemu przykrość
Co to, kurwa, jest za środowisko? Ogarnij swoją pizdę, ty pierdolona pizdo
Czy jesteś za PiS-em, czy za PO, mam to w chuju, bądź dobrym człowiekiem, ty pierdolony głupku, mamy tylko jedno życie

[Przejście: Bedoes]
Nadal jestem dumny, że jestem Polakiem, choć ludzie to kurwy, to naród wspaniały
Pora się wkurwić, pierdolić podziały, dzieci rewolucji, my, młodzi Polacy

[Zwrotka 2: Bedoes]
Typ mi wyjebał w głowę, teraz mam bliznę jak Harry Potter
Musisz wiedzieć, że cierpię na likantropię, co noc jestem jebanym kotem
„Bedi, skąd masz tę bliznę?”, skarbie, to nie jest twój biznes, jestem zawsze z gangiem, jak teletubisie
Ten wasz idol brzmi jak dzwonek twojej starej, a ja jestem tym zmęczony, tak jak konie w Zakopanem
Ciągle robię papier, zawsze gdy upadnę — wstanę, sprzedaliśmy działkę, by ratować zdrowie mojej mamy
Chciałbym zbudować dom dla niej, dziadka oraz babci, a jak zechcesz mi przeszkodzić, to poznasz mojego tatę
Prawdziwy OG, zawsze pomogę słabszym, bo gdy byłem słabszy wepchnęli mnie w gówno i się śmiali
Lecz mam urok osobisty, pytasz, co to znaczy? Że poderwę twoją sukę nawet w gównie ujebany
Wciąż przeklinam, więc widzą we mnie patusa! Patusy chcą mnie zabić, a policja chce mnie skuwać
Wszystkie dziewczyny mnie proszą, żebym podduszał, a ja chciałem tylko, aby ktoś tu w końcu mnie zrozumiał
Zobacz jak wyglądam, czuję się jak Maciej Musiał, chociaż czasem mam dni, że leżę i tylko płaczę
Ale wiesz co? On też na pewno ma takie, więc wstawaj, kurwa, trzeba dziś rozjebać parę czaszek
Siedziałem na ławce z zielonym browarem, modliłem się do Boga, aby wyszło z rapowaniem
Pawbeats widział jak drę mordę i krwawię, dostałem wtedy w pizdę, bo typ mówił źle na mafię
Dostałem jeszcze nieraz i nieraz jeszcze dostanę, a jeśli mnie zabiją, chcę pomnik na bloku
Mam szkielety w szafie, lecz wciąż się obnażam z porażek, bo to nie sekrety, lecz ciała mych wrogów
Ja zabijam z klasą, ale mam jedno życzenie, niech ludzie się w końcu przestaną zabijać
By śliczne dziewczyny nie bały się nocą chodzić po ulicach
Całe życie żyje dla dzielnicy, Białas uświadomił — nie ma nic dobrego na ulicy
Jak masz zasady, to masz, chuj mnie boli skąd pochodzisz, bo nam imponuje to jak się prowadzisz, a nie wozisz
Ale jebać te mądrości, zrobisz jak uważasz, dla jednych jestem mentorem, a dla innych jestem pizdą
Nie będę ci pierdolił o tym, kim masz być w przyszłości, bo to tylko twoja pierdolona przyszłość
Mogę ci tylko powiedzieć, abyś walczył, ja jestem przykładem na to, że możesz mieć wszystko
Gdyby Jezus dzisiaj żył, to by go, kurwa, okradli, lecz ja nie jestem Jezusem, tylko rewolucjonistą, ty pierdolona dziwko

[Outro: Bedoes]
Jechałem do lasu się zabić, kiedy dowiedziałem się, że mnie nie kochasz
Łowiczowi umarł brat, spoczywaj w pokoju Kacper
Powiedz mi proszę, kim bym był w jego oczach?
Ja już za dobrze wiem, ile to jest „na zawsze”
Kłamstwa, zdrady, śmierć, rozprawy
Kilo, gramy, noże, klamy
Blizny, parę chorób psychicznych, parę lekarstw
To wszystko na raz, a ja się muszę uśmiechać
Co dzień myślę, że umieram, tracę forsę, tracę wiarę
Tracę miłość, tracę bliskość, boję się, że stracę mamę
Boję się, że stracę dziadka, boję się, że stracę babcię
Boże, jeśli mnie słyszysz, proszę, zabierz mnie najpierw"
Bedoes 2115,Delfin,"[Intro: Bedoes]
Jezu Chryste! Kubi!

[Refren: Bedoes]
Jeśli będzie trzeba, zrobię to co będzie trzeba
Sprzedam delfinowi wodę, jeśli będzie trzeba
Pójdę w ogień, jeśli będzie trzeba
Jeśli będzie trzeba, zrobię to co będzie trzeba
Jeśli będzie trzeba, zrobię to co będzie trzeba
Sprzedam delfinowi wodę, jeśli będzie trzeba
Pójdę w ogień, jeśli będzie trzeba
Jeśli będzie trzeba, zrobię to co będzie trzeba

[Zwrotka 1: Bedoes]
Typy chcą mnie zabić, ale chuj z nimi
Pochowane parę kafli, parę stów w Biblii
Blogerki się pytają, czy je wpuścimy
Zdrajcy, gdy mnie widzą, to znikają tak jak Houdini
Policja mi robi zdjęcia na komendzie
Ktoś pierdoli o nas gówno, no to jebać go potężnie
Zna mnie cały kraj, jakbym był na 'siema' z prezydentem
A jak czegoś nie mam to zdobędę
Trzęś tym, rzuć tym, kręć tym, mała
Trzęś tym, rzuć tym, kręć tym dla nas
Biały iPhone, fury robią hałas
Ty nas nienawidzisz, ale ona jest w tym zakochana
Kurwa! Puść to na podwórkach!
Ciągle jestem głodny, tak jak Gustaw
Nie ma opcji, że ktoś ze mną nie ma kaski
Szybkie życie od małego, jak Borawski
Mój ziomal nie zna rosyjskiego, ale na nim Gosha
Pisze Ania, pisze Asia, pisze Gosia
Młody Jordan, kiedy daję kosza
Podam ją do ziomka, ona czyta Vogue'a

[Refren: Bedoes]
Jeśli będzie trzeba, zrobię to co będzie trzeba
Sprzedam delfinowi wodę, jeśli będzie trzeba
Pójdę w ogień, jeśli będzie trzeba
Jeśli będzie trzeba, zrobię to co będzie trzeba
Jeśli będzie trzeba, zrobię to co będzie trzeba
Sprzedam delfinowi wodę, jeśli będzie trzeba
Pójdę w ogień, jeśli będzie trzeba
Jeśli będzie trzeba, zrobię to co będzie trzeba

[Zwrotka 2: Koldi]
Każdy z moich ludzi chciałby się ozłocić
W moim teamie same sroki, mów mi Shola Ameobi byku
Stawiam chłopak małe kroki
Żeby kurwa odbudować te Alcomindz (squad)
Nie zawsze grube portfele
Ale jak u Molesty tutto bene, byku taki Ewenement
Pora na nas by zarabiać, ej
Po to zamienić chcę to 029 na 022, ej
Małolaci myślą, że są Los Sicarios
Młode grają, te zimne suki jak Kaya Scodelario
Ja tym osiedlowym akcjom się przyglądam z boku
Ty na IG ciepłym chłopakom się przeglądasz zboku
Możemy się napierdalać, możem się najebać
Jeśli będzie trzeba, zrobię to co będzie trzeba
Jeśli będzie trzeba, zrobię to co będzie trzeba
Tyle mam do powiedzenia, siema

[Refren: Bedoes]
Jeśli będzie trzeba, zrobię to co będzie trzeba
Sprzedam delfinowi wodę, jeśli będzie trzeba
Pójdę w ogień, jeśli będzie trzeba
Jeśli będzie trzeba, zrobię to co będzie trzeba
Jeśli będzie trzeba, zrobię to co będzie trzeba
Sprzedam delfinowi wodę, jeśli będzie trzeba
Pójdę w ogień, jeśli będzie trzeba
Jeśli będzie trzeba, zrobię to co będzie trzeba

[Zwrotka 3: Young Multi]
Sprzedam Eskimosom śnieg jeśli będzie trzeba
I napiszę znowu zwrotę roku jeśli będzie trzeba (skrrt skrrt)
Kiedy dzwoni forsa to na pewno ją odbieram
Drugie imię hustler, swojej szansy nie chcę przespać
Nie chcę przećpać, nie chcę zjebać, a na pewno nie chcę przegrać
Polska scena ugadana, chcieli mnie rozjebać
Diss za dissem a ja ciągle stoję mocny
Drugą płytą rozjebałem wszystkie wasze marne piosnki
Kurwy! Jestem spokojny
Do pewnego czasu więc nie testuj cierpliwości
Dotkniesz mi rodziny no to zrobię to co trzeba
Byś się kurwa po dredziarzu tego nigdy nie spodziewał
Ustawiając bloki craftowałem sobie skillsy
Żeby se w przyszłości kupić diamentowe grillsy
O mnie głośno, tata dumny, siedzisz w ciszy
Featy roku, zaskoczyłem wszystkie pizdy

[Refren: Bedoes]
Jeśli będzie trzeba, zrobię to co będzie trzeba
Sprzedam delfinowi wodę, jeśli będzie trzeba
Pójdę w ogień, jeśli będzie trzeba
Jeśli będzie trzeba, zrobię to co będzie trzeba
Jeśli będzie trzeba, zrobię to co będzie trzeba
Sprzedam delfinowi wodę, jeśli będzie trzeba
Pójdę w ogień, jeśli będzie trzeba
Jeśli będzie trzeba, zrobię to co będzie trzeba

[Zwrotka 4: Beteo]
Małomiasteczkowy jak Podsiadło
Ziomal wciska gaz do dechy, szybko wymijamy patrol
Ziomal wciska gaz do dechy nawet jak czerwone światło
W oczy świeci Jezus, patrzy z góry na to puste miasto
Cioty miały piłę motorową
Kiedy mnie goniły przez osiedle
Byłem z chłopakami, każdy z kosą
Wszystkim coraz mocniej biło serce
Wszystkim coraz szybciej biło serce
Jebać narkotyki i alkohol
Wtedy ciągle myślałem o zemście
Dziś to niepotrzebne, mama daje słowo
Będzie trzeba, zakazany owoc zerwę z drzewa (zerwę!)
Durnie walą dużo mąki, ja chcę więcej chleba (więcej!)
Jeśli będzie trzeba, zrobię to co będzie trzeba
Resztę jebać!
(Hahahaha, ja pierdole, co jest...!?)

[Refren: Bedoes]
Jeśli będzie trzeba, zrobię to co będzie trzeba
Sprzedam delfinowi wodę, jeśli będzie trzeba
Pójdę w ogień, jeśli będzie trzeba
Jeśli będzie trzeba, zrobię to co będzie trzeba
Jeśli będzie trzeba, zrobię to co będzie trzeba
Sprzedam delfinowi wodę, jeśli będzie trzeba
Pójdę w ogień, jeśli będzie trzeba
Jeśli będzie trzeba, zrobię to co będzie trzeba"
Bedoes 2115,Kwiat Polskiej Młodzieży,"[Tekst piosenki ""​Kwiat Polskiej Młodzieży""]

[Zwrotka 1]
Pora już wyłożyć prawdę na stół
Z mamą dzieliliśmy szamę na dwóch
Nie mów, że, kurwa, na gardle masz nóż
I już nie dzwoń, bo już nie ogarnę wam pół
Jadę, aż, kurwa, zabraknie nam kół
Dla wrogów pogarda, dla rodziny miłość
Stałem na klatce, gdzie jebało szczyną
Dziś całe mieszkanie mi pachnie jak Dior
Nie mam fajnych tatuaży i kolegów w branży
Siedziałem na Skypie z Whitem, wysyłając do różnych labeli paczki
Wszyscy mnie wtedy osrali, wszyscy mnie wtedy jebali
Dziś połowa kraju chce mnie zabić, nie dziw się, że jestem pojebany
Nie wiem, co bym zrobił bez babci i mamy
Bedi jechał w bagażniku, Bedi wyruchał czternastkę
Bedi to jest gruba kurwa, Bedi schudł, bo zaczął ćpać, wiesz?
Bedi obraża raperów, Bedi nie zaliczył gimby
Be-Be-Bedi rozpierdoli wszystkich!

[Zwrotka 2]
Dostałem telefon, że albo odwołam koncert, albo pęknie mi dupa
Byłem małolatem w trasie, co spełnia marzenia, nie mogłem posłuchać
Po koncercie banda większych, starszych typów nawija, że mnie wyrucha
Było nas sześcioro, w bagażniku jadę ja albo jedzie Łowicz
Nie wiedziałem, co mam zrobić, bałem się swoich idoli
Idoli, których słuchałem, gdy chodziłem do szkoły
Nie byłem na to gotowy — może byłem głupi, może byłem młody
Dzisiaj po raz drugi bym tego nie zrobił
Nienawidzę nienawiści, zamiast chcieć mnie zabić, zamiast chcieć mnie pobić, zrób coś dobrego dla bliskich
Tak będzie lepiej dla wszystkich
Zamykam ten temat, co do czternastki, to żadnej nie było i żadnej nie będzie, i żadnej tu nie ma
To całe gówno to ściema, dostałem wezwanie, złożyłem zeznanie i zjadłem śniadanie i sprawa zamknięta
Rzuciłem gimnazjum po tym, jak je zdałem, powtarzałem klasę indywidualnie, bo byłem specjalnym dzieciakiem
Dziś robię specjalny papier, w specjalnej furze mam specjalny napęd (Woah!)
Zacząłem ćpać w drugiej klasie (Woo!), skończyłem ćpać w drugiej klasie (Woah!)
Schudłem, bo ciągle rzygałem, robiąc taką kasę, już na pierwszej trasie (Woah!)
Wsadzam mamę w pierwszą klasę (Woah!), wsadzam babcię w pierwszą klasę (Woah!)
Za to, co mówiłem w Stodole, już poprzepraszałem, bo jestem człowiekiem i popełniam błędy

[Przejście]
Tego nie robią raperzy, tego nie robią raperzy
Nie jestem raperem, bo jestem zbyt szczery (Hoo!)
Nie jestem raperem, bo jestem zbyt szczery (Hoo!)
Nie jestem raperem, bo jestem zbyt szczery (Hoo!)

[Refren]
My chcemy żyć, a nie tylko przeżyć
Kwiat Polskiej Młodzieży
My chcemy żyć, a nie tylko przeżyć
Kwiat Polskiej Młodzieży
My chcemy żyć, a nie tylko przeżyć
Kwiat Polskiej Młodzieży
My chcemy żyć, a nie tylko przeżyć
Kwiat Polskiej Młodzieży

[Zwrotka 3]
Znowu jakaś pizda pisze mi, że mnie zabije
Skurwielu, ja miałem nie żyć, gdy się urodziłem
Dziadek jechał z Niemiec, nie wiedząc, czy to przeżyje
Dzisiaj znają moją ksywę traperzy w Berlinie, traperzy w Bydgoszczy, traperzy w Krakowie, traperzy w Warszawie, traperzy w Londynie
Wciąż uważam na Brutusów, jakbyśmy co najmniej trapowali w Rzymie
Pracuję przez wiosnę, pracuję przez lato, pracuję przez jesień, pracuję przez zimę
Serce oddałem muzyce, fanom i rodzinie, nic nie zostało dla dziwek
To, co gadasz do koleżków, to tylko jebany bezsens
Gdzie byłeś, kutasie, kiedy Maciek kupował se Gucci pasek z AliExpress?
W grupie tylko, kurwa, cwany jesteś
Z nożem na osiedlu straszysz dzieci, jebany debilu, weź się zabij wreszcie
Ooh, ooh, ooh, ooh, ooh, trapy, daby wszędzie
W tym jeziorze ja jestem wędkarzem, się jebnąłeś myśląc, że jebanym leszczem
Ja jestem tym pojebanym z SB, ja jestem tym wciąż jebanym z SB
Nie mam czasu się przepychać z wami, bo mam w toku sprawę i sprawy ważniejsze, woo!

[Refren]
My chcemy żyć, a nie tylko przeżyć
Kwiat Polskiej Młodzieży
My chcemy żyć, a nie tylko przeżyć
Kwiat Polskiej Młodzieży
My chcemy żyć, a nie tylko przeżyć
Kwiat Polskiej Młodzieży
My chcemy żyć, a nie tylko przeżyć
Kwiat Polskiej Młodzieży

[Zwrotka 4]
Jeśli ktoś mnie sprzątnie, to umrę będąc legendą
Wolę umrzeć na stojąco, niż przeżyć, lecz klęcząc
Podczas kiedy rówieśnicy ciągle stresowali się egzaminami
Bałem się wychodzić z domu, bo czekali na ławce na mnie z nożami
Każda porażka jest lekcją, nie ma co płakać jak dziecko
Moje życie jest jak auto, jak się mijasz z prawdą, no to dzisiaj wracasz na pieszo
Nienawidzę świata na trzeźwo, choć nie ćpam i nie piję nawet w okazje
A jeśli pijany debil się spina, to błagam, mordeczko, weź zabierz go dla mnie
Przejechałem prawię całą Polskę, grając koncert
Popatrzyłem w twarz hejterom, bo już dawno poznałem tą patologię
Znam tę sukę już za dobrze, mój tata bił mamę, więc nie pytaj, dlaczego nie poszedłem na pogrzeb
I dlaczego w środku ciągle jestem chłopcem, Borek!"
Bedoes 2115,Biały i młody,"[Intro]
Jezu Chryste, Kubi!
Kubi

[Zwrotka 1]
Słyszałem wiele głosów, śmiech i płacz
Poznałem wiele osób, których nie chce znać
Zgarnąłem trochu sosu i wciąż taki sam
Nie mogę zmrużyć oczu, póki nie opuszczę bloków
Póki nie będziemy mieć: Gucci i Louis i YSL
Dawaj te głowę, bo chcę dobrą banie mieć
Fejkiem twój idol wydaje się, ale mnie średnio obchodzi typ co i tak skłamie, że wcale nie
Ich tracki dają mi raka jak palenie
Ja jestem za młody
Polej mi wódy i niech wbiją ziomy
Nie chcę już nic, nie chcę już nic
Bo jestem biały i młody!

[Refren]
Chcę tylko kasy nie żony, chcę się pozbawić idoli
Ogarnąć sobie wtyczkę taką, że będę mógł kurwa palić do woli
Chcę tylko bawić się, bawić i nie liczyć godzin
Biały i młody, czarne panny i białe samochody, biały i młody

[Zwrotka 2]
Chcę ją mieć, nie chodzi o backstage i koncert
Ludzie zazdroszczą gdy widzą pieniądze
Przyjaciel zmienia się we wroga
Kiedy tylko na szali stawisz forsę
Chcą mój portfel i mój pasek chcą
Te buty i bujać ze squadem się
Ale nie, ale nie! moi ziomale kochają mnie (2115)
Moja suka rozpuszczona, bo daje jej dużo ale nigdy wszystko
Dziewczyny na rogach chcą tylko zarobić by pozwolić synom na przyszłość
Chłopaki kradli kołpaki, aż przebranżowili się
Kurwa na Hip-Hop
A sumienie to mają Ci, którzy nigdy nie byli za nisko
Nie znasz miasta, ale ono zna mnie (ono zna mnie)
Jak chcesz zaćpać to mój ziom ogarnie
Chcę tylko żyć jak zapragnę
Bo jestem, bo jestem, bo jestem, bo jestem, bo jestem, bo jestem

[Refren]
Bo jestem biały i młody, chcę tylko kasy nie żony,
Chcę się pozbawić idoli
Ogarnąć sobie wtyczkę taką, że będę mógł kurwa palić do woli
Chcę tylko bawić się, bawić i nie liczyć godzin
Biały i młody, czarne panny i białe samochody, biały i młody
(Chcę ją mieć)
Chcę tylko kasy nie żony, chcę się pozbawić idoli
Ogarnąć sobie wtyczkę taką, że będę mógł kurwa palić do woli
Chcę tylko bawić się, bawić i nie liczyć godzin
Biały i młody, czarne panny i białe samochody, biały i młody

[Zwrotka 3]
Ona mówi mi, że kocha, nie wypada o tym mówić
Ale z nosa jej wypada koka
Suka jest na prochach
Nie wiem co mnie kręci bardziej: Ona czy ten towar?
Moi ziomale dziś tańczą, nie widzę nic
Proszę cię polej mi alko, bo chcę mi się pić!
Znają mnie już w każdej szkole
Słuchają jakbym był ich profesorem
Jedyne co strzeli dzisiaj to korek
Nie spinaj się typie, bo ci wypierdolę
Dzisiaj się bawić chcę
Zrobić se zdjęcie z typami co właśnie spotkali mnie
Zawsze słuchali mnie, to moi fani, wiesz
Jak ja są pijani też
Jestem za młody by słuchać cię
Jestem za młody by dupę mieć
Chcę tylko ruchać się
Taka jest prawda, taka jest prawda
Nie kręci mnie twoja gadka, lecz twój instagram
Bo jestem biały i młody!

[Refren]
Chcę tylko kasy nie żony, chcę się pozbawić idoli
Ogarnąć sobie wtyczkę taką, że będę mógł kurwa palić do woli
Chcę tylko bawić się, bawić i nie liczyć godzin
Biały i młody, czarne panny i białe samochody, biały i młody
(Chcę ją mieć)
Chcę tylko kasy nie żony, chcę się pozbawić idoli
Ogarnąć sobie wtyczkę taką, że będę mógł kurwa palić do woli
Chcę tylko bawić się, bawić i nie liczyć godzin
Biały i młody, czarne panny i białe samochody, biały i młody"
Bedoes 2115,FPS (Bonus Track),"[Refren]
Tonę, tonę, tonę, tonę, tonę w twoim ciele
Może dziś nie zrobię nic głupiego, chociaż nie wiem
Żyjemy raz, więc żyjmy, jakby to raz był
Wyślij mi lokację, patrzymy w te same gwiazdy
Tonę, tonę, tonę, tonę, tonę, to przez drip
Tonę, tonę, tonę, tonę, tonę, to przez ciebie
Tonę, tonę, tonę, tonę, tonę, to przez drip
Tonę, tonę, tonę, tonę, tonę, to przez ciebie

[Zwrotka 1]
Pokój pełen pokus, pokój pełen lodu
Ona kiedy wchodzi, tworzy pokój pełen wzwodu
Przepraszam za słowa
Ale, kurwa, powiedz, jak mam się zachować, kiedy wchodzi taka sucz?
Klub, patrzy na mnie cały klub
Ona pyta, czy ją kocham, mówię jej, że nie
Serce pękło w pół, a więc muszę zabrać— seks!
Serce pękło w pół, a więc muszę zabrać dwie

[Pre-Refren]
Tysiąc złotych zmienię w milion dla gangu
A gram w tonę
Ona zrobi wszystko dla gangu
Chodź zabrać żonę (heh)

[Refren]
Tonę, tonę, tonę, tonę, tonę w twoim ciele
Może dziś nie zrobię nic głupiego, chociaż nie wiem
Żyjemy raz, więc żyjmy, jakby to raz był
Wyślij mi lokację, patrzymy w te same gwiazdy
Tonę, tonę, tonę, tonę, tonę, to przez drip
Tonę, tonę, tonę, tonę, tonę, to przez ciebie
Tonę, tonę, tonę, tonę, tonę, to przez drip
Tonę, tonę, tonę, tonę, tonę, to przez ciebie

[Zwrotka 2]
A, B, C, D, E, F, GT-R (
Skrrt!
), AMG, SMS i BDSM
BRTDZ, BDG (
Gang!
), 2115, SBM
Ona chce to na masce (Masce), ona chce to naprawdę (Prawdę)
Mademoiselle tak, jakby słuchała Blachy (
Mademoiselle
)
Ona chce tak, jakby szukała taty
FPS: forsa ponad szmaty
I nie czytam poradników, jak dziś można być bogatym
Tylko robię swoje
Nim wyszedłem z bloków, to mój ziom pogonił tonę

[Refren]
Tonę, tonę, tonę, tonę, tonę w twoim ciele
Może dziś nie zrobię nic głupiego, chociaż nie wiem
Żyjemy raz wiec żyjmy jakby to raz był
Wyślij mi lokację, patrzymy w te same gwiazdy
Tonę, tonę, tonę, tonę, tonę, to przez drip
Tonę, tonę, tonę, tonę, tonę, to przez ciebie
Tonę, tonę, tonę, tonę, tonę, to przez drip
Tonę, tonę, tonę, tonę, tonę, to przez ciebie"
Bedoes 2115,Toy Story,"[Intro: Rafonix]
Byku, z czym ty, kurwa, do mnie podjeżdżasz?
Z tymi skillami na ""M""?
Jak ja mam wszystkie zrobione na ""P""
Mordo, jedno SD na klatę i padasz, kurwa
Jeszcze jak siądzie critical, to jesteś rozjebany
Ty, ile ty masz tych Riot Pointów? 900?
Przecież ty nic za to nie kupisz
Typie, jeden one tap z M4 i masz pograne
No łepek rozpierdolony, moment

[Zwrotka 1: Bedoes]
Pierwsze sto tysięcy jest jak pierwszy seks
Nie myślałem, że tu będę, pisząc pierwszy tekst
Łowiłem ryby w Tibii, grałem w 1.6
W tamtych czasach dziewczyny mówiły mi, że jestem ""be""
Dziś moja jest cała scena i tańczy ze mną brat
Z którym gotowałem crack w San Andreas
Nie odbieram, bo właśnie wsiadam do auta
Jedziemy na Glen Park, trzeba zrobić drive-by
Gram bez kodów, chcę więcej diamentów niż jest w LOL-u
A jak jesteś typem typa, który nie złapie pociągu
Uważaj na Ryderów i uważaj na Big Smoke'ów, mmmh

[Przedrefren]
All we had to do, was follow the damn train, CJ!

[Refren: Bedoes]
Grałem jako Woj Body, zabijałem potwory
Ja i moja gildia mamy misję tak jak biolodzy
Jesteśmy na stacji tak jak hot-dogi
Chcę duże zabawki tak jak Toy Story
Grałem jako Woj Body, zabijałem potwory
Ja i moja gildia mamy misję tak jak biolodzy
Jesteśmy na stacji tak jak hot-dogi
Chcę duże zabawki tak jak Toy Story

[Zwrotka 2: Bedoes]
Każdy z moich ziomów goni forsę
Twoje ziomy nic nie robią, tylko ciągle siedzą w Bronzie
Moje ziomy to są ziomy, takie ziomy na poważnie
I żaden z nas się nie podda w piętnastej
Moja gildia, moje party, zawszę z nimi dzielę exp, robię flex, +9 mój FMS
Ona mi spamuje, czemu jej nie odpisuję?
Mała, proszę, wybacz, bronię turret
Typy piszą: ""Won, bo przyjdę wojem""
Ja się nie boję, mam dobrą zbroję
CH1 M1, ziomy online, a więc dzwonię
Przejmujemy spota, sprawdź nasze bojowe konie

[Refren: Bedoes]
Grałem jako Woj Body, zabijałem potwory
Ja i moja gildia mamy misję tak jak biolodzy
Jesteśmy na stacji tak jak hot-dogi
Chcę duże zabawki tak jak Toy Story
Grałem jako Woj Body, zabijałem potwory
Ja i moja gildia mamy misję tak jak biolodzy
Jesteśmy na stacji tak jak hot-dogi
Chcę duże zabawki tak jak Toy Story

[Outro]
Jezu Chryste, Kubi"
Bedoes 2115,VOGUE,"[Zwrotka 1]
Bipolar, nie ma drugiej takiej jak ona
A może jest, może ją kocham
A może nie, może ją kocham
A może nie, a może tak
Strasznie ciebie nienawidzę, ale chciałbym z tobą dzisiaj podbić cały świat
Strasznie ciebie nienawidzę, strasznie ciebie nienawidzę
Ale z drugiej strony umrę jeśli zaraz nie napiszesz
Nienawidzę ludzi, którzy mówią, że mówi się bardzo a nie strasznie
Ale w zasadzie tak jest poprawnie
Chociaż w sumie jebać to co jest poprawne
Przecież to nieważne, przynajmniej nie dziś
Jutro się zmartwię, jebać psy
Chociaż w sumie co ma zrobić starsza pani, gdy jej ktoś coś ukradnie
Nie no, jebać psy, a ty zostaw tę babcię
Dzisiaj wyglądam jak można się patrzeć
Dzisiaj się czuję jak Jordan
Dzisiaj wyglądam jak można się patrzeć
Dzisiaj się czuję jak orgazm
Chyba nie powinienem mówić takich rzeczy
Ale z drugiej strony przecież mamy być sobą
Mamy być mili i się wzajemnie kochać
Ale ten typ jeździ jak jebany idiota, nosz kurwa!
Okazało się, że to starszy pan
Chryste Panie, niech Pan Bóg wybaczy nam
Chryste Panie, niech Pan Bóg wybaczy nam
Chryste Panie, niech Pan Bóg wybaczy nam

[Refren]
Podjeżdżam na blok, blok, blok, blok, blok
Zmienię go w Vogue, Vogue, Vogue, Vogue, Vogue
Podjeżdżam na blok, blok, blok, blok, blok
Zmienię go w Vogue, Vogue, Vogue, Vogue, Vogue
Podjeżdżam na blok, blok, blok, blok, blok
Zmienię go w Vogue, Vogue, Vogue, Vogue, Vogue
Podjeżdżam na blok, blok, blok, blok, blok
Zmienię go w  Vogue, Vogue, Vogue, Vogue, Vogue
Podjeżdżam na blok, blok, blok, blok, blok
Zmienię go w Vogue, Vogue, Vogue, Vogue, Vogue
Podjeżdżam na blok, blok, blok, blok, blok
Zmienię go w Vogue, Vogue, Vogue, Vogue, Vogue
Podjeżdżam na blok, blok, blok, blok, blok
Zmienię go w Vogue, Vogue, Vogue, Vogue, Vogue
Podjeżdżam na blok, blok, blok, blok, blok
Zmienię go w Vogue, Vogue, Vogue, Vogue, Vogue

[Zwrotka 2]
Młodych ludzi dzisiaj Xanax studzi
Wokół mnie same smoki, same Tabalugi
Kryminalni zbierają na mnie materiał
Ja i Kuqe, obok stoi Anja Rubik
Bomboclaat, my jesteśmy z ghetto
Dwadzieścia osób, my jesteśmy gęsto
Szanuj planetę, nie zabijaj zwierząt
Ona jest wege, lecz prosi o mięso
Squadshit, squadshit, mówi mi że słucha mnie od squasi
Przekaż Kasi, Basi, Asi, nie mam czas i robię cashi
A jak mnie nienawidzisz to wspaniale
Ten bas tak napierdala, że cię głupcze nie słyszałem
I nie usłyszę później, później, później, późn... wcale!
Dzisiejszej nocy jest cały gang
Chryste Panie, niech Pan Bóg wybaczy nam
Chryste Panie, niech Pan Bóg wybaczy nam
Chryste Panie, niech Pan Bóg wybaczy nam

[Refren]
Podjeżdżam na blok, blok, blok, blok, blok
Zmienię go w Vogue, Vogue, Vogue, Vogue, Vogue
Podjeżdżam na blok, blok, blok, blok, blok
Zmienię go w Vogue, Vogue, Vogue, Vogue, Vogue
Podjeżdżam na blok, blok, blok, blok, blok
Zmienię go w Vogue, Vogue, Vogue, Vogue, Vogue
Podjeżdżam na blok, blok, blok, blok, blok
Zmienię go w Vogue, Vogue, Vogue, Vogue, Vogue
Podjeżdżam na blok, blok, blok, blok, blok
Zmienię go w  Vogue, Vogue, Vogue, Vogue, Vogue
Podjeżdżam na blok, blok, blok, blok, blok
Zmienię go w Vogue, Vogue, Vogue, Vogue, Vogue
Podjeżdżam na blok, blok, blok, blok, blok
Zmienię go w  Vogue, Vogue, Vogue, Vogue, Vogue
Podjeżdżam na blok, blok, blok, blok, blok
Zmienię go w Vogue, Vogue, Vogue, Vogue, Vogue

[Outro]
Nikt nie pyta jak się czuję, lecz ile to pali
W garderobach Flexxy, Quebo i Rosalie
Kilo ganji na bloku
Założyłem label po to żeby już nie dealowali
Kilo ganji na bloku
W garderobach Flexxy, Quebo i Rosalie
Kilo ganji na bloku (Kilo ganji na bloku)
Flexxy, Quebo i Rosalie na bloku"
Bedoes 2115,Wschód (lubię zapierdalać),"[Intro]
Nocny wyścig, jebać KIE
Chyba zaraz się rozbiję, wzmocni mnie co nie zabije
Nienawidzę głupich hijen albo hien
Wsiadasz mała albo nie
AMG albo M, kochasz mnie, kochasz GANG
Kochasz mnie, kochasz GANG
Mała lepiej zapnij pas, mała lepiej załóż kask
Jeżdżę jak jebany cham, żartowałem albo nie
Kto wie?
Kto wie?
Kto wie?

[Bridge: Lanek, Bedoes]
- Dobry wieczór, prawo jazdy i dowód rejestracyjny
- WYPIERDALAJ KURWA

[Refren: Bedoes]
Znowu jadę sam, nie ma nikogo ze mną
Znów nie mogę spać, ale wszystko mi jedno
To miasto kocha noc (skrrt)
Znowu jadę sam, nie ma nikogo ze mną
Znów nie mogę spać, ale wszystko mi jedno
To miasto kocha noc (skrrt)

[Zwrotka 1: Bedoes]
Jadę nocą przez Kraków (skrrt)
Z Ruczaju na Prądnik w sekundę
Wawel jest piękny tej nocy
Zatańcz dla mnie niczym w moich snach
Nie mam w planach teraz opcji spać
Nie mam w planach teraz opcji wstać
Z Ruczaju na Prądnik w sekundę
Jesteś tak piękna tej nocy
Jestem nomadem kochanie
Jestem oddany mej sprawie
Jeśli masz stanik na sobie, to ściągnij go teraz, bo tak się nie bawię
Nie musisz jechać pod halę, by dostać kiełbasę
(śmiech)
 - przepraszam, musiałem
Cały, cały czas gdzieś błądzę
Cały, cały czas
Szukamy siebie w mroku tego miasta, którym rządzi nienawiść
Cały, cały czas gdzieś błądzę
Cały, cały czas
Mam smoka przy sobie, jeśli spróbujesz mnie zranić

[Refren: Bedoes, Kosa]
Znowu jadę sam, nie ma nikogo ze mną
Znów nie mogę spać, ale wszystko mi jedno
To miasto kocha noc (skrrt)
Znowu jadę sam, nie ma nikogo ze mną
Znów nie mogę spać, ale wszystko mi jedno
To miasto kocha noc
To miasto to mój dom

[Zwrotka 2: Kosa]
Puste ulice, noc
Mijam szklane wieżowce
A pies ma biały nos
Puka w szybę i coś chce
Podnosi na mnie głos (jebać go)
Ale nie słucham go (jebać, jebać go)
Mówią: „Jezu Chryste”, choć nie są wierzące
Jadę furą po lodzie, nie jestem rajdowcem
Szybko pulsuje skroń
Prędkość to moja broń
Na karoserii błyski jak budzi się słońce
Byki liczą zysk zarobiony na mące
Ja lecę tak jak dron
To miasto to mój dom
Ka do eS

[Refren: Bedoes]
Znowu jadę sam, nie ma nikogo ze mną
Znów nie mogę spać, ale wszystko mi jedno
To miasto kocha noc (skrrt)
Znowu jadę sam, nie ma nikogo ze mną
Znów nie mogę spać, ale wszystko mi jedno
To miasto kocha noc

[Zwrotka 3: White 2115]
To miasto to mój dom
Ubrany dobrze od MISBHV
Tnę ulicę tak jak Vin Diesel
Warszawa mieni się jak VVS
A ja z tobą ciągle chcę he, he, he
I to jest okej
Czego chciałby dalej mały chłopiec
Biały sedan, a w nim młody joker
Potem znowu melanż i potwory w głowie
To był żart, bo potwór chowa się pod maską
Snuję się po dworze do momentu, aż ci ludzie zasną
Trasa, koncert, twoje miasto
Znowu, kurwa, zdzieram swoje gardło
Chociaż ciągle mam kłopotów natłok
AMG, a nie Lambo
Cały gang, bo to lojalność
Dwie jedynki, Młody Łajcior
Już nie sam, sam, sam, sam, sam, sam, sam
Znowu cały gang, gang, gang, gang, gang, gang, gang
Noga jak głaz, głaz, głaz, głaz, głaz, głaz, głaz
Zapinaj pas, no bo jej dociskam gaz

[Outro]
Jechałem szybko, gdyż lubię zapierdalać"
Bedoes 2115,TOA$T /,"[Zwrotka 1]
Stoję wśród pól
Jest tak cicho, że jestem w stanie usłyszeć swoją przeszłość
Przysięgają, że kochają mnie nad życie
Jak mnie kochasz, no to pokaż
Jak nie kochasz, to się pierdol
Jej oczy znają moje łzy
Jej uszy znają moje jęki
A jej usta znają troski me
Jej dłonie znają mój wstyd
Jej uda znają moje lęki
A jej polik zna mój gorzki gniew
(Oh, oh, oh, oh)
Dziewczyno, nie wchodzi w grę żaden słodki seks
W mojej głowie ciągle ciągły stres
Nie wiem jak poprzedni, ale zdejmij, bo ten woli bez
Pokój pełen lodu, pokój pełen pokus
Ona kiedy wchodzi tworzy pokój pełen moich łez
Przepraszam za słowa, ale, kurwa, powiedz, jak mam się zachować
Mając wóz za pół miliona w takim wieku
Gram z młodymi w piłkę, bo chcę im pokazać
Ile zrobić można w takim wieku
I pozostać normalnym i prawdziwym
Chociaż odmówić nie można mi wyjebanego swagu

[Refren]
Dzisiaj wznoszę toast za tych, którzy chcą mnie zabić
Toast za tych, którzy knują za plecami
Toast za tych, którzy mnie okradli
I też toast za tych, którzy oszukali
Toast za dziwki, toast za zdrajców
Toast za wszystkich, którzy chcą tylko hajsu
Toast za śmieci, toast za kurwy
Dziękuję, dzięki wam jestem dumny
Dzisiaj wznoszę toast za tych, którzy chcą mnie zabić
Toast za tych, którzy knują za plecami
Toast za tych, którzy mnie okradli
I też toast za tych, którzy oszukali
Toast za dziwki, toast za zdrajców
Toast za wszystkich, którzy chcą tylko hajsu
Toast za śmieci, toast za kurwy
Dziękuję, dzięki wam jestem dumny

[Zwrotka 2]
Poproszę cztery pierdolone kubły z lodem
A w nich butle z alkoholem, ale górnym, ziomek
Jeśli możesz, to też spytaj tą barmankę, czy chce szybciej skończyć pracę
I zapytaj, czy widziała kiedyś „Podrywacze”
Oczywiście pytam dla kolegi, spójrz, tam siedzi
Poznasz go, bo jedyny w klubie ma okulary LV
Mówią na niego „Lanek”
Ale ona wie to doskonale

[Hook]
Ktoś zranił mnie znów
Znów chciał mnie zabić
Znów chciał mnie zabić ktoś
Ktoś zranił mnie znów
Ale przecież, kurwa, jestem dobry
Chciałem dla ciebie jak najlepiej
Mogłem zabić dla ciebie
Chciałem zabić dla ciebie się
Chciałem tego naprawdę, na serio, na zawsze
Wczoraj umarłem

[Refren]
A dzisiaj wznoszę toast za tych, którzy chcą mnie zabić
Toast za tych, którzy knują za plecami
Toast za tych, którzy mnie okradli
I też toast za tych, którzy oszukali
Toast za dziwki, toast za zdrajców
Toast za wszystkich, którzy chcą tylko hajsu
Toast za śmieci, toast za kurwy
Dziękuję, dzięki wam jestem dumny"
Dawid Podsiadło,Let You Down,"[Verse 1]
Feel the rhythm of the streets
Neon lights and neon dreams
Bloody fists they feel no pain
When there’s so much more to gain
Hunting season if you will
Tell me where you'd rather be
I can hardly see the moon
Hope we'll get there pretty soon

[Pre-Chorus]
Trying so hard to release
You out of the misery
Hold on to your wishes
If you can't hold on to me

[Chorus]
Forgive me for letting you down
Forgive me for letting you down again
I guess I'm not strong enough
Right now

[Verse 2]
They will finally feel the flames
Flames that run down through my veins
I will make the city burn
We're not planning to return

[Pre-Chorus]
Trying so hard to be free
To make you see what I see
Hold on to your wishes
If you can't hold on to me

[Chorus]
Forgive me for letting you down
Forgive me for letting you down again
I guess I'm not strong enough
Right now
Forgive me for letting you down
Forgive me for letting you down again
I guess I'm not strong enough
Right now

[Outro]
Oh, my love, love, love
Oh, let you down
Oh, let you down
Let you down
Oh, let you down"
Dawid Podsiadło,Cantate Tutti,"[Zwrotka]
(Może) Zaczniesz słuchać moich wulgarnych słów
I zobaczysz mnie w tłumie jeśli nie widzisz już
Gdy zamienię się w chama, w buca, w obleśny twór
Może zaczniesz słuchać jeśli nie słuchasz już
Gdy zamienię się w chama, w buca, w obleśny twór
Zamienię się w chama, w buca, w obleśny twór
Ale twój
Ale twój
Twój
(Od tyłu) Looking down on the left"
Dawid Podsiadło,Małomiasteczkowy,"[Tekst piosenki ""Małomiasteczkowy""]

[Zwrotka 1]
Małomiasteczkowa twarz, małomiasteczkowa głowa
Małomiasteczkowy styl, małomiasteczkowo kocham
Z małego miasta wielkie sny atakują Twoje ulice
Wyśniłem sobie Ciebie, gdy śpiewałem głośno pod prysznicem
Ten mój małomiasteczkowy hit i małomiasteczkowe słowa
Ten małomiasteczkowy rytm, melodia małomiasteczkowa
Z małego miasta wielkie sny gromadzą się na Twoich ulicach
Pamiętam, bardzo chciałem tu być, na pewno dużo bardziej niż dzisiaj

[Refren]
Znowu jadę do Ciebie sam
Znowu jadę do Ciebie
Znowu jadę do Ciebie sam
Znowu jadę do Ciebie
Znowu jadę do Ciebie sam
Znowu jadę do Ciebie
Znowu jadę do Ciebie sam
Znowu jadę do Ciebie

[Zwrotka 2]
Przez chwilę czułem się jak Bóg, przez chwilę byłem królem w mieście
Wybrałem na siłownię strój i wtedy zrozumiałem wreszcie
Że z mojego miasta moje sny budują Twoje ulice
Że Ciebie nie zachwyca tu nic, ale smuci mnie, że nadal nie krzyczę
Gdy wielkomiejski piękny świat na każdym kroku sypie kreski
Uściski i klepnięcia w bark, płynące ze wzruszenia łezki
Dlaczego wszystko sztuczne aż tak, że napromieniowane i świeci?
Trzeba stąd wyjechać, bo strach, że wszystko przejdzie na moje dzieci

[Refren]
Znowu jadę do Ciebie sam
Znowu jadę do Ciebie
Znowu jadę do Ciebie sam
Znowu jadę do Ciebie
Znowu jadę do Ciebie sam
Znowu jadę do Ciebie
Sam"
Dawid Podsiadło,Najnowszy Klip,"[Zwrotka 1]
Kwas i dreszcze już na samą myśl
Bo mam przeczucie, że to koniec
Przyszłaś na czas, nie będzie gwiezdnych wojen
Dobrze wiem, co myślisz sobie
Znowu będzie miło, bo tak już masz
Dokończ, nie skończyłaś, no pij do dna
Ja się wstrzymam, jakoś mi cierpi krtań
Nie płacz po niej

[Refren]
Zawodzę jak miastowa młodzież
Hej, no może coś powiesz
Czekaj, widzę prognozę
Przewidują zgodę
Marudzę jak miastowa młodzież
Nie, to nie ta odpowiedź
Dlaczego mi zmieniasz pogodę
Pozostaje odejść

[Zwrotka 2]
Fakt, że całkiem to przyjemne, gdy
Gniew odbiera mi kulturę
Od kilku dni tak bardzo denerwujesz, przejdzie mi
Ale zdążę jeszcze wcisnąć komu trzeba największy kit
Że wstałem, nie chcę od niej kompletnie nic
Patrzę sobie na twój najnowszy klip

[Refren]
Zawodzę jak miastowa młodzież
Hej, no może coś powiesz
Czekaj, widzę prognozę
Przewidują zgodę
Marudzę jak miastowa młodzież
Nie, to nie ta odpowiedź
Dlaczego mi zmieniasz pogodę?
Pozostaje odejść

Zawodzę jak miastowa młodzież
Hej, no może coś powiesz
Czekaj, widzę prognozę
Przewidują zgodę
Marudzę jak miastowa młodzież
Nie, to nie ta odpowiedź
Dlaczego mi zmieniasz pogodę?
Pozostaje odejść"
Dawid Podsiadło,Phantom Liberty,"[Verse 1]
Found out treasures are always lost
Pleasures and rage combined
I'm watchin' you
Be careful with your moves
Tonight, I think the time is right
I think the blood has dried
It cries for more
So what are we waiting for?

[Chorus 1]
Wires and chains
(I'm just tired of lookin' the other way)
Starting to fade
(I'm just tired of lookin' the other way)
It feels like a game
(I'm just tired of lookin' the other way)
You have to play
(I'm just tired of lookin' the other way)

[Verse 2]
Lights out, is this who you really are?
Can't look into your eyes
Your twisted mind
It's dark, so dark
We end it now
It ends right here, right now
Please tell me you brought the iron
Let's light up the sky
And fade into the night

[Chorus 1]
Wires and chains
(I'm just tired of lookin' the other way)
Starting to fade
(I'm just tired of lookin' the other way)
It feels like a game
(I'm just tired of lookin' the other way)
You have to play
(I'm just tired of lookin' the other way)

[Bridge]
The days when it was good are gone (
Nah-nah-nah, nah-nah, nah
)
I'm tryna see what it was for, but I'll never know (
Nah-nah-nah, nah-nah, nah
)
And though it's dead, I hear the call (
Nah-nah-nah, nah-nah, nah
)
Ooh-ooh-ooh-ooh-ooh

[Chorus 2]
Wires and chains
(I'm just tired of lookin' the other way)
Starting to fade
(I'm just tired of lookin' the other way)
Feels like a game
(I'm just tired of lookin' the other way)
You can't escape
(I'm just tired of lookin' the other way)
Wires and chains
(I'm just tired of lookin' the other way)
Starting to fade
(I'm just tired of lookin' the other way)
Feels like a game
(I'm just tired of lookin' the other way)
You can't escape
(I'm just tired of lookin' the other way)

[Outro]
I found out
Treasures are always lost
Pleasures are long forgotten
Who are you now?"
Dawid Podsiadło,Dżins,"[Zwrotka 1]
Przestań, popsujesz klimat to dobry spacer
Pozwól włosom spaść i choć wiem, że zaraz Cię oddam
To przez godzinę Cię mam
Nie chcę Cię słuchać
Nie chcę tu stać
Pojedźmy gdzieś i ściągnij z siebie płaszcz
Ja się zajmę resztą warstw
Widziałem serial, wiem jak

[Refren]
A gdy wypuszczę cię z rąk
Z rąk, z rąk
Bo przecież musisz uciec stąd, stąd
Chociaż obiecaj jedno
Chodź, chodź
Że przy nim będziesz więdnąć

[Zwrotka 2]
Chociaż ostatecznie na związek nas nie będzie stać
I złamiemy sobie serce
Niech skradziony weekend trwa
Wiem, że musisz wrócić
Przestań o tym mówić
Tańcz
Nie chcę o nim słyszeć
Niech zginie pośród innych spraw

[Zwrotka 3]
Przestań, popsułaś klimat
Sam nie wiem, czy w ogóle chciałbym więcej
Jeśli dajesz mi piosenkę
Czy jemu nucisz ją też?
I przez przypadek za parę lat miniemy się ze sobą w czyichś drzwiach
Chyba nosisz inny płaszcz
A ja nie przyszedłem tu sam

[Refren]
A gdy wypuszczę cię z rąk
Z rąk
Bo przecież musisz uciec stąd
A gdy wypuszczę cię z rąk
Z rąk, z rąk
To przy nim będziesz więdnąć
A gdy wypuszczę cię z rąk
Z rąk, z rąk
Bo przecież muszę uciec stąd, stąd
Chociaż obiecaj jedno
Choć, choć
Że przy nim będziesz więdnąć

[Zwrotka 4]
Chociaż ostatecznie na związek nas nie było
Poskładaliśmy swoje serca
Weekendów już nie trzeba
Kiedy dzisiaj o nim mówisz, nie kłamie tylko twoja
Szeroko się uśmiechasz i dobrze, że już wszystko"
Dawid Podsiadło,mori,"[Zwrotka 1]
Muszę iść, już mnie tam wołają
Zimno dziś, a chciałem trochę dłużej
Potrzymać dłoń, czuć jak płynie przyjemny prąd (prąd)

[Przedrefren]
A co jeśli ja nie chcę, jeśli zrobię bunt
Weźcie się nie śpieszcie
Proszę Was o luz
Łamię mi się serce, pali mi się grunt
Błagam jeszcze nie chcę
Jeszcze kilka słów

[Refren]
A jeśli już, to wezmę tam ze sobą bukiet róż
Przy bramie będę czekał patrząc w dół
Ty w wolnej chwili czasem na mnie spójrz
A jeśli już, to nie martw się pamiętam każdy dzień
A miejsce będzie zawsze obok mnie
Czekać aż i Ty dołączysz tu

[Zwrotka 2]
Nie wolno mi, zwlekać chwili dłużej
To straszny ścisk, mieliściе przyjść później
Ja płynę i biorą mnie gdzieś dalеko stąd (stąd)

[Przedrefren]
A co jeśli ja nie chcę, jeśli zrobię bunt
Innych sobie bierzcie, ja zostanę tu
Czuję Twoje serce, nie chce się przestać tłuc
Błagam chwilę jeszcze, jeszcze kilka słów

[Refren]
A jeśli już, to wezmę tam ze sobą bukiet róż
Przy bramie będę czekał patrząc w dół
Ty w wolnej chwili czasem na mnie spójrz
A jeśli już, to nie martw się pamiętam każdy dzień
A miejsce będzie zawsze obok mnie
Czekać aż i Ty dołączysz tu

[Outro]
I'm going back home
Going back...
I'm going back home
Going back...
I'm going back home
Going back...
I'm going back home"
Dawid Podsiadło,Trofea,"[Zwrotka 1]
Muza muzą, a w pokoju sam
Moim kumplem nieustanny stres
Na odbite palmy przyszedł czas
Mam sodowej wody pełny zlew
Nie robię zdjęcia, nie podpiszę tobie płyt
Nie mogę zmieścić historii waszych żyć
Gdy pojadę windą, będę śledził ślady stóp
Słowem uznania wytrę lewy kącik ust

[Przedrefren]
Skrzynka pełna, nie wysyłaj nic
Powoli tracę głos
Jeszcze kilka przyjemnych płyt
Wyjadę w końcu stąd

[Refren]
Staję się potworem, bo wtedy czuję, że
Choć jestem, tak naprawdę nie ma mnie
To dzięki temu mogę na stary rower wsiąść
Zamieszkać w kamienicy, nie myć rąk

[Przejście]
Codziennie słyszę: ""Znów coś wygrałeś""
Zaraz braknie miejsca na kolejny diament
Tak, psujesz mnie, psujesz mnie

[Zwrotka 2]
Anonimu smak poczuję, gdy za granicę zrobię drobny skok
Jakoś dziwnie tęskno wtedy mi, kiedy przezroczysty stawiam krok
W kraju nad Wisłą każdy mówi mi na ty
A moje nazwisko to czytany głośno szyld

[Przedrefren]
Skrzynka pełna, nie wysyłaj nic
Powoli tracę głos
Jeszcze kilka przyjemnych płyt
Wyjadę w końcu stąd

[Refren]
Staję się potworem, bo wtedy czuję, że
Choć jestem, tak naprawdę nie ma mnie
To dzięki temu mogę na stary rower wsiąść
Zamieszkać w kamienicy, nie myć rąk
Staję się potworem, bo wtedy czuję, że
Choć jestem, tak naprawdę nie ma mnie
To dzięki temu mogę na stary rower wsiąść
Zamieszkać w kamienicy, nie myć rąk
Staję się potworem, bo wtedy czuję, że
Choć jestem, tak naprawdę nie ma mnie
To dzięki temu mogę na stary rower wsiąść
Zamieszkać w kamienicy, nie myć rąk"
Dawid Podsiadło,W dobrą stronę,"[Tekst piosenki ""W dobrą stronę""]

[Intro]
Czuję, jak serce rwie się do Ciebie
Jak mam bronić, kiedy ich jest więcej?
Czuję, że to już koniec, to już koniec

[Zwrotka 1]
Ten pierwszy raz, mocny bas, szybki pląs po obiedzie
Widziałem błysk w obu ślepiach mojej łani, przecież
Trzymała mocno tam, gdzie najbardziej lubię
Mama mówiła: ""Takie rzeczy tylko po ślubie""
Wpadli znajomi i z marszu na marsz wzięli
Jeden z niebieskich wtedy prawie mnie postrzelił
Dobrze wspominam ten jaskrawy czas
Chociaż przyznam, że już wyszedłbym zza metalowych krat

[Refren]
Sił mi brak, żeby szczerze powiedzieć
Tę wojnę wygra tylko jeden
Sił mi brak i już nie chcę nic wiedzieć
Mam mętlik w mojej małej głowie
Czuję, jak serce rwie się do Ciebie
Jak mam bronić, kiedy ich jest więcej?
Czuję, że to już koniec, to już koniec

[Zwrotka 2]
Już mogę wyjść, mogę biec, zamknę bramę, tamten dzień
A ona stoi na przystanku w pobliżu gdzieś
Nie wiedzieć czemu, nie chce uśmiechnąć się
To ja mówię, że już dobrze, że już wszystko jest okej
Brakuje mi tych naszych wspólnych chwil
Brakuje mi krzyczących ludzi i dobrze
Pomalujemy twarz białym i czerwonym
Przecież doskonale wiesz — patrzymy tylko w dobrą stronę

[Refren]
Sił mi brak, żeby szczerze powiedzieć
Tę wojnę wygra tylko jeden
Sił mi brak i już nie chcę nic wiedzieć
Mam mętlik w mojej małej głowie
Czuję, jak serce rwie się do Ciebie
Jak mam bronić, kiedy ich jest więcej?
Czuję, że to już koniec, to już koniec"
Dawid Podsiadło,Nie Kłami,"[Zwrotka 1]
Wcisnę się w bezpieczny kąt
W dziurawą ścianę wbiję wzrok
Do sieci wrzucę płaczliwy post
Polubisz go
Ty tylko popatrzysz, a ja
Poczuję się gorzej na samą myśl
Zaczynam zamykanie bram
Nie patrzę w tył

[Zwrotka 2]
Wcisnę się, choć chyba mam dość
Wśród ludzi łatwiej tłumić gniew
Nie chcę myśleć o tobie wciąż
Do domu chcę
Słyszałem, że dobrze go znam
I czuję się gorzej na samą myśl
Że ktoś całkiem inny niż ja
A ja to nikt

[Refren]
To nigdy nie powtórzy się
Nie będę ciebie szukał w niej
Nie blokuj kiedy chciałbym przejść
Nie będzie dzisiaj zdjęć
To nigdy nie powtórzy się
Więc warto tracić czas na sen
I proszę tylko nie budź mnie
Niech będzie tak jak jest

[Zwrotka 3]
Próbuję zepsuć w głowie te dni
Dyskretny postój w cieniu drzew
Bardzo boli gdy słyszę jak on ci burzy krew
Widziałem na stronie wśród par
Twój najlepszy uśmiech i jego kły
Nagle telefon mi padł, nie patrzę w tył

[Refren]
To nigdy nie powtórzy się
Nie będę ciebie szukał w niej
Nie blokuj, kiedy chciałbym przejść
Nie będzie dzisiaj zdjęć
To nigdy nie powtórzy się
Więc warto tracić czas na sen
I proszę tylko nie budź mnie
Niech będzie tak jak jest
To nigdy nie powtórzy się
Nie umiem ciebie znaleźć w niej
Nie blokuj kiedy chciałbym przejść
Nie chcę dzisiaj zdjęć
To nigdy nie powtórzy się
Więc może znajdę czas na sen
I proszę tylko wypuść mnie
Nie będzie tak jak jest"
Dawid Podsiadło,Nie Ma Fal,"[Refren]
Fal nie ma fal nie ma fal nie ma
Fal nie ma fal
Nie ma fal nie ma fal nie ma fal
Fal nie ma fal nie ma fal nie ma
Fal nie ma fal
Nie ma fal nie ma fal nie ma fal

[Zwrotka 1]
Pięknie
Rozmawia się całkiem nieźle
I podoba nam dotychczas
Każdy obejrzany film
We mnie
Problem jest na pewno we mnie
Nie doszukuj się go w sobie
W Tobie wszystko jest okej

[Przejście]
Może dasz się znać po tym
Weź mnie znajdź potem
Dziś nie chcę popłynąć, bo—

[Zwrotka 2]
Chętnie
Mogę złapać cię za rekę
Jeśli chcesz, wyrzucę kazdy przeterminowany sos (ha)
To śmieszne
Nie rozumiem Ciebie jeszcze
Pani mama chciała żebym więcej niż liceum miał

[Przejście]
Ale daj się znać po tym
Gdzieś mnie znajdź potem
Dziś nie chcę popłynąć, bo—

[Refren]
Fal nie ma fal nie ma fal nie ma
Fal nie ma fal
Nie ma fal nie ma fal nie ma fal, nie
Fal nie ma fal nie ma fal nie ma
Fal nie ma fal
Nie ma fal nie ma fal nie ma fal, nie

[Zwrotka 3]
Pewnie
Chciałbym Ciebie słuchać więcej
Tylko skoczę w jedno miejsce
Potem może znajdę czas
Wcześniej
Spotykałem Cię codziennie
Ale teraz kiedy muszę chętniej udałbym się spać

[Przejście]
Proszę daj się znać po tym
Gdzieś mnie znajdź potem
Dziś nie popłyniemy bo—

[Refren]
Fal nie ma fal nie ma fal nie ma
Fal nie ma fal
Nie ma fal nie ma fal nie ma fal
Fal nie ma fal nie ma fal nie ma
Fal nie ma fal
Nie ma fal nie ma fal nie ma fal"
Dawid Podsiadło,Pastempomat,"[Zwrotka 1]
Wpatrzony w białe snopy światła
Późną nocą pod prąd, bo jeśli to ostatni rejs (ta)
Mijam ostatni promień słońca
Wiesz, że tak bardzo lubię dzień
Gdy ciebie nie ma tracę sens

[Refren]
Proszę, dowiedz się
Czemu jest mi tutaj aż tak źle?
Krzywdzisz mnie już mniej
Nocą łatwiej mi to przyznać jest

[Zwrotka 2]
Wpatrzony w mijające auta
Tempomaty, pasy, bieg
Historii zasępionych głów, (ta)
Czy ktoś zapamięta mnie jeśli dzisiaj zniknę?
Odnajdę swój pas, tempomat, bieg

[Refren]
Proszę, dowiedz się
Czemu jest mi tutaj aż tak źle?
Krzywdzisz mnie już mniej
Nocą łatwiej mi to przyznać jest

Proszę, dowiedz się
Czemu jest mi tutaj aż tak źle?
Krzywdzisz mnie już mniej
Nocą łatwiej mi to przyznać jest

Proszę, dowiedz się
Czemu jest mi tutaj aż tak źle?
Krzywdzisz mnie już mniej
Nocą łatwiej mi to przyznać jest

[Outro]
Czemu jest mi tu źle?
Czemu jest mi tu źle?"
Dawid Podsiadło,Matylda,"[Zwrotka 1]
Za wycieraczką zostawił ślad
Że kije w oko będzie wkładał, tylko że przez samo ""H""
Przez samo ""H"", przez samo ""H"", po prostu ""H""
Muszę mu przyznać — odważny ruch
By komuś tak do szyby podejść i zrobić zrzut
Zostawić garść niemiłych słów, tę całą żółć
Atakuj, atakuj, mam to co dnia
Cyfrowych cwaniaków już za dobrze znam
Dobrze znam, dobrze znam
Klawiatur pan, a jego broń to duży RAM
Wciąż niewiele mogę, gdy choć jeden z nich
Do mojego domu przynosi swój syf
Dobija wtedy myśl
Nie umiem przecież bić

[Refren]
To Matylda, to Matylda
To Matylda podlewa mi dzisiaj sad
Nigdzie nie idę sam
To Matylda, to Matylda
Chce mi dzisiaj w prezencie od siebie dać
Ten wybuchowy dar

[Zwrotka 2]
Wilgotne palce, nerwowy pęd
Już miałem zgrabnie coś odpisać, ale nagle
Wiem — odetnę prąd, wyłączę go, zabiorę stąd
A jeśli kiedyś znów wpadnę w szał
Przyjdzie mi zmierzyć się, zniewagą ktoś mi rzuci w twarz
To chciałbym móc choć jeden raz, ten jeden raz
Wymierzyć mu pięścią gorącą jak stal
Ten surowy werdykt, gdzie sędzia to ja
Tylko ja, tylko ja
Bez żadnych ulg, odwołań skarg, po prostu strzał
Wiem dobrze, że przemoc to najsłabsza z kart
I do mojej talii pasuje jak żart
Lecz chciałbym tak jak ty
Pokonać wszystkich złych

[Refren]
To Matylda, to Matylda
To Matylda podlewa mi dzisiaj sad
Nigdzie nie idę sam
To Matylda, to Matylda
Chce mi dzisiaj w prezencie od siebie dać
Ten wybuchowy dar
To Matylda, to Matylda
Jedną ręką skutecznie wyrywa chwast

[Outro]
Raz, dwa, trzy, cztery
Raz, dwa, trzy, cztery
Cztery"
Dawid Podsiadło,POST,"[Tekst piosenki ""POST""]

[Zwrotka 1]
Czy ona z nim spała?
Czy było bara bara?
Wielce ciekawi mnie (Post)
Czy staje na zakazach?
Czy płaci każdy mandat?
Na pewno nie (Post)
Czy płaci alimenty
Kupuje im prezenty?
Nie wydaje mi się (Post)
Czy dalej dużo ćpa?
Jakie tatuaże ma?
Co za człowieka wrak (Post)

[Refren]
A ja tu poszczę, bo piątek
Więc rybę mam na obiad
I zemszczę się, pomszczę
Niesprawiedliwe, to idiota
Więc ja tu poszczę, bo piątek
Na s—, na s—, na straży tu przy wrotach
No weź nie wpuszczaj ich Piotrek
To sama jest hołota

[Zwrotka 2]
Nie będzie żaden Niemiec
Czy inny cudzoziemiec
Co dzień spluwał mi w twarz (Post)
Zabierz te Pottery
Te tęczowe rowery
Weź mi to wszystko spal (Post)
Zaczynam dziś odwierty
Bo węgiel to diamenty
Zimą będzie mnie grzał (Post)
Kobieto weź nie pyskuj
Na moim świecie dysku
Masz mi rodzić i prać (Post)

[Refren]
A ja tu poszczę, bo piątek
Więc na obiad mam pstrąga
I zemszczę się, pomszczę
Niesprawiedliwe, to idiota
Więc ja tu poszczę, bo piątek
Na s—, na s—, na straży tu przy wrotach
Piotrek, no wpuść mnie do środka
No weź mi niebo pokaż

[Outro: Dawid Podsiadło, Sanah]
Rzucę kamieniem prosto w Twoją twarz
Nic o mnie nie wiesz, a ja Ciebie znam
W niebieskim niebie nie otworzą bram
Bóg da zbawienie, ale tylko nam
Rzucę kamieniem prosto w Twoją twarz
Nic o mnie nie wiesz, a ja Ciebie znam
W niebieskim niebie nie otworzą bram
Bóg da zbawienie, ale tylko nam
Post"
Dawid Podsiadło,Co Mówimy?,"[Zwrotka 1]
Ona mówi
Wbijasz mi w żebra kościsty bark
Tłumaczyłam ci przecież
Dzbanek, syf, sardynki, nudny dzień
Z tobą wszystko będzie szarzyć się
I robisz mi dobrze
Niedobrze znów
Za długim paznokciem
Dotykasz stóp
O tu
Nad głową wisi neon razi mnie
Musicie całkiem szybko rozstać się

[Przedrefren]
Oni mówią
To dziewczyna, miło mi
Wam to musi fajnie być
Dawid uśmiech, auto flesz
Powtórz, rozmazało się

[Refren]
A ja mówię
Tutaj lepiej widzę ciebie
A ja mówię
Nie wiem, kiedy miałem lepszy sen
A ja mówię
Jeśli w nocy jestem pewien
A ja mówię
Może w noce pozamieniaj dnie

[Zwrotka 2]
Ona mówi
Możesz to śmiało załatwić sam
W końcu masz wolną rękę
Sapiesz mi do ucha, kiedy śpię
Jestem jak wydmuszka — poświęć mnie
Nie szukaj mnie w oknach udając film
Bo łatwo rozpoznam fałszywe łzy
O te
Usuń mój numer z rodzinnych ksiąg
Łańcuszkowych życzeń mam już dość

[Przedrefren]
Oni mówią
No naprawdę
Wielki wstyd
Jak pan może takim być?
Wszystko czytam
Wszystko wiem
Że co tydzień panu źle

[Refren]
A ja mówię
Tutaj lepiej widzę ciebie
A ja mówię
Nie wiem, kiedy miałem lepszy sen
A ja mówię
Jeśli w nocy jestem pewien
A ja mówię
Może w noce pozamieniaj dnie

[Outro]
Może w noce pozamieniaj mi dnie
Może w noce pozamieniaj mi dnie
Może w noce pozamieniaj mi dnie
Może wtedy w końcu pokocham Cię
(Nie szukaj mnie w oknie)
Może w noce pozamieniaj mi dnie
(Nie szukaj mnie w oknie)
Może w noce pozamieniaj mi dnie
(Nie szukaj mnie w oknie)
Może w noce pozamieniaj mi dnie
(Nie szukaj mnie w oknie)
Może wtedy w końcu pokocham Cię"
Mata,Patoreakcja,"[Intro: Rafał Walentowicz]
O 15:30 Solar i Białas w asyście ochroniarzy, policji i straży miejskiej pojawili się w Liceum im. Batorego w Warszawie. Ich wizyta trwała niespełna 15 minut i nie zakłóciła matur, które odbywały się w tym samym czasie

[Zwrotka 1: Mata]
Wstałem jak co dzień rano i się okazało, że świat pojebało
Dzwonią telefony u mnie na chacie
Dzwonią telefony moim ziomalom
Chcą wiedzieć wszystko o Macie, wszystko o 
Pato
Dyrka wkurwiona chodzi w tę i we w tę po sekretariacie
I myśli nad karą dla mnie za to, że
Jestem wkurwionym dzieciakiem
Jestem zniszczonym dzieciakiem
Leżałem w zamszowym płaszczu na Emilii Plater
I bezdomny kupił hеrbatę mi, żebym nie zamarzł
Widziałem kokę i widziałеm xanax
Jak graliśmy w poker bez ubrań w gimnazjum
To pojebane no, ale leżę na podłodze i  czekam na karę
Oczy przekrwione jakbym dostał gazem
Pół litra na głowę popite browarem
Mój ziomo to ja... Błagam nie mówcie tego mojej mamie

[Refren: Mata & Tomasz Knapik]
Trap life (Whoo), M.A.T. Młody Matczak
Gdyby nie 
licentia poetica
 czekałby mnie poprawczak
WWA, big boy, słyszę tylko 'bla, bla' (Młody Matczak)
Ay, to moja patoreakcja (ay, ay, ay)
To moja patoreakcja (MAT, Młody Matczak)
Ay, to moja patoreakcja (ay, ay)
To moja... uh (MAT, Młody Matczak)
To moja patoreakcja

[Zwrotka 2: Mata]
Mojej mamie, uśmiechnięte panie zaprosiły ją na śniadanie w Polsacie
Chcą wiedzieć wszystko o 
Pato
, wszystko o Macie, przecież i tak nie skumacie
Radio ZET
 czeka pod szkołą na ostatni dzwonek z kamerą i mikrofonem
Pytają o nas i o to czy handlujemy mefedronem, potem szybki wywiad z wicedyrektorem
Ktoś straszy mnie pozwem o zniesławienie, a ktoś protokołem
Nie czuję się dobrze, ja pierdolę
Ale w sumie przepraszam, Batory był tylko symbolem, a bluzę musiałem założyć
I każdy normalny to w sumie zrozumiał... oprócz Krystyny Pawłowicz
Kretynie po co to robisz? Piszą mi w DM sfrustrowane matki o demoralizacji
Ich dzieci i rodzin, a ja tylko mówię jak żyją, to wy mówiłyście jak mają to robić
Nie wiem o co chodzi, pół Polski mi wchodzi do głowy (ay, ay) (nie wiem o co chodzi)
Chciał posłać do wojska mnie Jakimowicz
Mój ziomo się zna z twoim synem, więc co ty pierdolisz
Moim rodzicom, co zrobiłbyś mi jako rodzic?
Słucha tego Żabson i Robert Makłowicz
Słucha tego Masno, prezydent i Włodi
Więc nie mogę zasnąć, gada o mnie miasto, a ja siedzę na chacie i wcinam pierogi
Pod kocem z herbatką jak baby Yoda, czytam 
Fakt
 bo moja morda jest pod okładką
Przekroju
 i 
Vogue'a
, paparazzi horda chce nas wziąć, nas dorwać

[Refren: Mata & Tomasz Knapik]
Trap life (Whoo), M.A.T. Młody Matczak
Gdyby nie 
licentia poetica
 czekałby mnie poprawczak
WWA, big boy, słyszę tylko 'bla, bla' (Młody Matczak)
Ay, to moja patoreakcja (ay, ay, ay)
To moja patoreakcja (MAT, Młody Matczak)
Ay, to moja patoreakcja (ay, ay)
To moja... uh (MAT, Młody Matczak)
To moja patoreakcja

[Zwrotka 3: Mata & Zbigniew Stonoga]
Napisał mi jakiś Kacper, że jestem pierdolonym bananowcem
Jak Peja docenił, usunął wiadomość w tej apce
A mi został tylko banan na mordzie
Robię fotę w Żabce i robię w Biedronce
A jak już zarobię kaskę
To oddam rodzicom za edukację i kupię cztery wille na Marymoncie
Chociaż już mają ze cztery inne
Szukają afery media debilne, ay
Wiadomo, czym pachnie ich zachowanie podłe
Kocham moją mamę i tatę
Pierdolę tylko patologię
Mój ziomo to zrobił z czternastką jak sam miał 13
Z 5.10.15. zdjęła mu zębami spodnie
A media PiSowskie chciałyby zająć się Matą-seniorem
To święty człowiek
A to co robię jest moim wyborem
I sam za to kiedyś odpowiem
Ale najpierw odpowiem wam
Więc słuchajcie uważnie:
Jebać Telewizję Polską
Jacek Kurski - chuj ci w dziąsło
(Przestań mi kurwo rodzinę prześladować)
Bo chciałbym w spokoju dorosnąć
Moi ludzie rządzą
Mój ziom palił crack jak miał bardzo mało lat
Ale wyszliśmy na prostą i chuj
Dzielę Polskę na pół jak zabór pruski
Mówi o mnie Kuba Wojewódzki
Pomorze, Śląsk, wojewoda łódzki
Dziennikarz Rudzki i Tomasz Ćwiąkała
W szkole na WOSie - pała, język francuski - pała
Język polski - dwója z minusem, bo mało kto wierzył w Michała
Dziś moja lektura jest omawiana
Na seminariach, w karaoke barach
Na rekolekcjach, przy stole w Wigilię, przy puszce browara i w jebanych Stanach
Na WOSie, polskim (naura)
Zrobiłem zamach, bo nie lubię zasad
Język francuski, i pała, i pała, i pała, i napisała o mnie francuska prasa
Super Niania i twój masażysta
Głupim kurwom leci piana z pyska
Tydzień do świąt, a ja mam singla
Wyżej na Top 50 Spotify niż 
""Last Christmas""
Wow, 
""Let it Snow""
Ay, i Mariah Carey, Wham!
Robimy włam do mainstream'u
Wpada mi spam jak w chuj dymu do płuc
Special One jak Mourinho
Na Powązkach pomału kopią mi grób
Huff, huff, huff, jak mam się czuć?
Huff, huff, huff, jak mam się czuć?
Jak mam się czuć? Zwykły szary chłopak
Kiedy z nieba leci pierdolony brokat
Kiedy Gosia Halber lekką ręką porównuje go na FB do Olgi Tokarczuk
Dali się ponieść fantazji
Nobla dostanę jak kupię sę Marka z West Hamu do mojego składu w 
Fantasy
Albo jak tylko odstawię te blanty
Mamo, ja latam
Za rok wykupię billboard na Manhattan jak Sfera Ebbasta
Pato-protoplasta
Kraje, kontynenty, miasta - zwiedzę z drużyną jak Bilbo i Zlatan
Słyszeli nas wszędzie, 33 - waka-waka
40 koła ludzi pod sceną, a widzieli w nas tylko łaka, i łaka, i jeszcze jednego łaka
Zagramy w Tokio, w Londynie, w Toronto jak Baka
Ziemia to rondo, ja wchodzę w to driftem tak jak Sonik Rafał na Dakar
No bo chciałbym skakać ze szczęścia na World Tour, haha
I dopiero wtedy pokażę wam wszystkim jak możecie zrobić dookoła świata
M.A.T.A., czyli Mata oficjalnie pozamiatał (haha, ay, brrah)

[Outro: Tomasz Knapik]
No, trudno jest z dwóch słów wykrzesać więcej"
Mata,Papuga,"[Refren: Mata]
Dzwoni papuga, mówi, że musi się udać
Ugadać mamonę
Zgarnąć banknoty zielone jak pierdolony Tabaluga (Ej)
Dzwoni papuga

[Zwrotka 1: Mata]
Gadamy o nowym kontrakcie, o nowej stawce
Jak dzwoni papuga, to odbieram szybko
No bo szanuję go jak własną matkę
Idziemy na lunch se, zamawiam ravioli
No a papuga pierdoli mi coś o wędkarstwie
Papuga to gruba ryba, papuga to twardziel
Mogę powiedzieć mu wszystko
Bo wiem, że dotrzyma tajemnicy adwokackiej
Idę do piwnicy po flaszkę (Łychy)
I pytam czy z Colą czy Spritem
A papuga patrzy się na mnie śmiertelnie
Poważnie i mówi, że bez popity, zawsze
Bo nic co ludzkie nie jest mu straszne

[Refren: Mata]
Dzwoni papuga, mówi, że musi się udać
Ugadać mamonę
Zgarnąć banknoty zielone jak pierdolony Tabaluga (Ej)
Dzwoni papuga

[Zwrotka 2: Mata]
Raz jak poszliśmy na obiad
To przyszła kelnerka i mówi: ""poproszę autograf""
No to wyciągam długopis
A ona, że chce od papugi i żebym mu oddał go, dobra:
Jedna, druga, fotka
Wyszliśmy sе na podwórko, on robi z mamą
Ja robię z córką, no i wracamy do środka
Mój papuga to nie pies na baby, tylko pies Odysеusza
Jak zgarnia mnie pies, no to szybko dzwonię do papugi
A Ty pewnie z płaczem dzwonisz do tatusia

[Refren: Mata]
Dzwoni papuga, mówi, że musi się udać
Ugadać mamonę
Zgarnąć banknoty zielone jak pierdolony Tabaluga (Ej)
Dzwoni papuga

[Zwrotka 3: Quebonafide]
Dzwoni papuga i mówi mi: ""Kuba, te sprawy zaszły za daleko
Cały ten kraj chce ci zabrać mamonę i zgarnąć banknoty zielone jak gekon""
Wyłączam telefon
Na poczcie mam kolejny pozew, znów jakaś suka chce stanąć na drodze
Się dowiem za chwilę, że zabiłem Morze Martwe
Boże, straszne, dzwoni papuga i wszystko jest jasne
Robię jak chcę, kim jest mój adwokat, skoro jestem diabłem?
Nic już tu nie mogę stracić
Skoro nawet gwiazda porno chce puścić bez gaci mnie
Smacznej matchy, jebać potwierdzaczy — Que

[Refren: Mata]
Dzwoni papuga, mówi, że musi się udać
Ugadać mamonę
Zgarnąć banknoty zielone jak pierdolony Tabaluga (Ej)
Dzwoni papuga

[Zwrotka 4: Malik Montana]
Ej, wbijam na sprawę, trawą jebie na całą salę
Sędzina patrzy jakby chciała złapać za faję
Prokurator wie, że nie pomoże nawet frajer
Bo papuga pierze moje brudy jak Zygmunt Chajzer
Dzwoni papuga, ja nie mówię: ""halo""
Jest żydem, dlatego witamy się ""szalom""
Omijam prawo, jakbym robił slalom
Dlatego, że na lewo siano
Nie idę na prawo, choć byłem na prawie
Łamię to prawo, już nie naprawię
Nie wystarczy prawie, bo musi się udać
Po sprawie ona mi rozkłada uda
Jak jest już po sprawie, to do kosza guma
Później telefon i dzwoni papuga
Teraz wjeżdża Kamasutra
Co? Ej, ej, ej
Pierdolę prawo na różne sposoby
Temida znów musi wytrzeć coś z brody
Sąd jest wysoki, mam wyższe dochody
Weź młotek, wybij sobie wyrok z głowy

[Refren: Mata]
Dzwoni papuga, mówi, że musi się udać
Ugadać mamonę
Zgarnąć banknoty zielone jak pierdolony Tabaluga (Ej)
Dzwoni papuga

[Outro: Quebonafide, Malik Montana]
Dzwoni papuga
Dzwo… ni-ni-ni papuga
Dzwo… ni-ni-ni papuga
Pa-pa-pa-pa-pa-pa-papuga
Pa-pa-papuga
W sumie jest gruba-a-a"
Mata,Patointeligencja,"[Zwrotka 1]
Mój ziomo w 1 LO zjarał Amsterdam pierwszego września
Po to, by nauczycielka myślała, że tak już ten ma z natury
No i do matury mówił jej, że to alergia
Mój ziomo miał piersiówę, którą uzupełniał
W termosie trzymał wódę i ściemniał profesorom, że to herba
Dom-szkoła w złotówie, dom-szkoła w Uberkach
Mój ziomo z mym ziomem za pieniądze starych
Na białych tych szkołach pykali w pokerka
Mój ziomo coś wygrał, mój ziomo coś przegrał
Mój ziomo z mym ziomem walili wiaderka
Na piętnastkach no i dwudziestkach
I wiosna za budą, a zimą, gdy zimno na dworze, to kitrali się po łazienkach
Mój ziomo miał Supreme, mój ziomo miał Bape'a
Mój ziomo na uro dostał te kluczyki od Merca
Na czarno Ukry sprzątały mu penthouse
Mój ziomo chciał wypłatę starego przećpać
Nie pykło, bo była tak wielka
Że dużo prędzej by tu kopnął w kalendarz (ej)
Mój ziom się powiesił w Sylwestra
A ciągle pamiętam, jak kradliśmy te flaszki z Kerfa
I jak je piliśmy na hejnał o 8:20
I tak najebani na przerwach, bez przerwy (oh)
I tak najebani na przerwach, bez przerwy
I tak najebani na lekcjach, my to patointeligencja

[Refren]
My to! My to!
Patointeligencja (My to!)
Patointeligencja (My to!)
Patointeligencja (My to!)
Patointeligencja (My to!)
Patointeligencja (My to!)
Patointeligencja (My to!)
(Patointeligencja)

[Zwrotka 2]
Mój ziomo walił herę słuchając Kazika
Centralny, menele, rodzice i szpital
Ojciec był maklerem, a mama lawyerem
I grube portfele, co chudły wraz z nim na odwykach
Mój ziomo znajomej podawał kutasa
W kiblu dla inwalidów w Złotych Tarasach
Mój ziomo w prywatnym gimnazjum koleżance z ławki spłodził dzieciaka
A rok wcześniej na przyrce cała nasza klasa
Śmiała się z pipki, jajowodów, plemników, pochwy i siusiaka (ha, ha)
Mój ziomo walił te dopy, mój ziomo nie umiał się uczyć bez koki
I skończył, jak miał tu trzynaście tych wiosen
I kurwa nie powiem, czy życie, czy nosy
Mój ziomo podpierdalał Xany od mamy z szafki z lekami
Nie dali mu stypendium, no bo go złapali, jak latał naćpany
Po jednym z offowych festivali
Mój ziomo miał zawsze ten czerwony pasek
I zawsze miał czerwone gały
Mój ziomo z mym ziomem koleżankę z klasy
Na wyjeździe szkolnym w dwa baty jebali
Mój ziom na odwagę pierdolnął trzy piwka
W pubie, w Londynie przed interview na Kingsa
Mój ziomo się dostał na Oxford
A całe liceum raz pigwa, raz wiśnia, raz czysta
Mój ziomo w Toyocie Corolli woził tu te parę baseballi i kryształ
I kazał mi zmienić w tym tekście markę swego auta
Żeby przed starymi tu nie było przypsa
Mój ziomo bandyta, mój ziomo zoofil, mój ziomo artysta
Mój ziomo pedofil, mój ziomo nekrofil, mój ziom intelektualista
My to patointeligencja

[Refren]
My to! My to!
Patointeligencja (My to!)
Patointeligencja (My to!)
Patointeligencja (My to!)
Patointeligencja (My to!)
Patointeligencja (My to!)
Patointeligencja (My to!)
(Patointeligencja)

[Zwrotka 3]
My to patointeligencja, katolickie przedszkola, strzeżone osiedla
Kurator angielski i gegra, kurator, dilerka dla sportu, nie po to, by przetrwać
Szkoła, korty, dodatkowe zajęcia, korki, butelki i elki na zdjęciach
Harnaś, perełka w plenerkach, rzucamy chujami i nie jemy mięsa
Dobrze wychowani, wciągana jest kreska w bawełnianych sweterkach (o)
My to patointeligencja
My to patointeligencja
Wakacje pod palmą albo na językowych campach
Opener w Sopocie i emka w apartamentach
Przy nakryciu co święta łosoś, jazzowa kolęda, srebrna choinka, podłoga w prezentach
Zacząłem tu robić te rapy, bo miałem już kurwa tak dość tego ciepła i piękna
Zacząłem tu robić te rapy, bo miałem już dość tego piękna i ciepła
A nigdy nie chciałem być biały i zawsze tu chciałem być gangsta
I zawsze tu chciałem być z bloków i zawsze tu chciałem być z getta
I pierdolę mamę i tatę za te rododendrony, jacuzzi, trzy piętra
Zacząłem tu robić te rapy, bo miałem już dość tego piękna i ciepła
A nigdy nie chciałem być biały i zawsze tu chciałem być gangsta
I zawsze tu chciałem być z bloków i zawsze tu chciałem być z getta
I pierdolę mamę i tatę za to, że oddaliby mi nerki, wątroby i serca
My to patointeligencja"
Mata,GOMBAO 33,"[Intro]
Gombao 33, kurwo

[Zwrotka 1: Mata]
Gombao 33 skład braci, rap dla ziomali
A nie dla cip, sypie Kusz na blat i wpada Mati
Pali się ten bacik kiedy twoja stara wymyśla nam tematy
Gówno prawda, kurwo sprawdzaj M.A.T. i ziomy Maty
Czyli udawane rapy freestyle na pętlach
Od Młocin aż po Kabaty a ty podaj mi dłoń, podaj rękę
Bo nie mogę wstać z kanapy, leci Słoń, leci Kękę
Głupim cwaniakom chuj zawsze w szczękę
Dzielimy się wiaderkiem a, zapomniałem jeszcze o Straży Miejskiej
Im też chuj w szczękę  (Było)
Fiut w gębę (Niech będzie)
Wracając do tematu (HAHAHA), dzielimy się wiaderkiem
Wy jesteście spięte, a mój skład to gołębie
Bo serce ma miękkie, sra na was z góry
Rozwija se skrzydła i jak pojebany lata po tym mieście

[Refren: Mata]
Gombao, Gombao
Gombao
Gombao, Gombao
Gombao
Gombao, Gombao
Gombao
Gombao, Gombao
Gombao, Gombao
Gombao, Gombao
Gombao
Gombao, Gombao
Gombao
Gombao, Gombao
Gombao
Gombao, Gombao

[Zwrotka 2: Adam]
Gombao33 diabełki na barkach tak jak browary na flankach
Mamy te ściemy na kartkach, mamy sklepy na karkach
A jak japa jest darta, to do ranka w parkach
Mamy w nucie instynkt to jest Uber Eats styl
Bo cię dojedziemy i jesteśmy pyszni (i chodzi tu ziomuś o free free)
Moi kąpani w gorącej, twoi to raczej nie sądzę
Chcesz sprawdzić to kung-fu? Zapraszam włącz się
Gdy stoimy w kółku na Marszałkowskiej
Mój skład to gołębie, to w pizde trafne
Bo pewnie znajdziesz nas w chińskiej knajpie
100 dni minęło, ej ziomalu sprawdź mnie
Wbijamy w kawałek Maty jak Gracie

[Refren: Mata]
Gombao, Gombao
Gombao
Gombao, Gombao
Gombao
Gombao, Gombao
Gombao
Gombao, Gombao
Gombao, Gombao
Gombao, Gombao
Gombao
Gombao, Gombao
Gombao
Gombao, Gombao
Gombao
Gombao, Gombao

[Zwrotka 3: Szczepan33]
Gombao, Gombao 33, i wszy-wszy-wszystko ok
Bator, Wygi, Adamo, Szczepano, siemano sprawdzaj to upośledzone flow, ziom
Go-go-gombao tró-trójka (mordo kurwa)
Trudno ustać, na zegarku prawie szósta
Nie idę na szczyt, tylko sobie truchtam, tylko tuptam o
Grubemu chce się pić no to polej mu tę colę
Mam wejść na bit no to wchodzę na taboret
(kurwa mordo, to już nie jest śmieszne, nie można się z tego śmiać)
Grubemu chce się pić więc polej mu tę colę
Mam wejść na bit to wchodzę na taboret
Podskoczysz mi? To nie jest trudne ziomek
Mam metr pięćdziesiąt osiem

[Refren: Mata]
Gombao, Gombao
Gombao
Gombao, Gombao
Gombao
Gombao, Gombao
Gombao
Gombao, Gombao
Gombao, Gombao
Gombao, Gombao
Gombao
Gombao, Gombao
Gombao
Gombao, Gombao
Gombao
Gombao, Gombao

[Zwrotka 4: Wyguś]
Flanki Franki, Gombao 33 i jeden jest kurwa od drugiego brzydszy
Mam w kurwę pryszczy, jestem śliczny ale ogólnie staram się być sympatyczny
A ty co się kurwo gapisz, lepiej zrób mi kanapkę
Z szynką, pomidorem, żółtym serem i masłem
Sprawdź mnie i tę szczerość w każdym zwrocie
Bo właśnie tak się to robi na Ochocie
I choć w sumie to chciałbym ci dopiec
Nie rucham ci matki chłopiec
Bo nie jestem kurwa twoim listonoszem

[Bridge]
Gombao
Gombao
Wyłącz to gówno
Gombao
Gombao
Gombao
Gombao
Gombao
Ty kurwo

[Outro]
My w tym roku odchodzimy. I chcielibyśmy podziękować za cały wysiłek, za cały w nas wkład. Państwo pokazując nam i wychowywując nas pokazywali drogę, którą mamy obrać. Drogę uczciwości, patriotyzmu, drogę pomocy innym ludziom, wypełniania zawsze swoich obowiązków. Będziemy tą drogą kroczyć. Jeszcze raz, dziękując państwu za ten ogromny wkład w nasz rozwój chciałbym, na ręce pani dyrektor, dla całej rady pedagogicznej, złożyć te kwiaty"
Mata,Kiss cam (podryw roku),"[Tekst piosenki ""Kiss cam (podryw roku)""]

[Zwrotka 1]
Jeśli chodzi o kobiety, nigdy nie byłem odważny
Podpierałem ściany dyskoteki, a ty jak nikt
Kochasz bawić się i tańczyć, prawa w przód, lewa w tył
Jeszcze jakieś piruety, wie to chyba każdy, a ja
Jestem trochę nieporadny, mogę zrobić Ci parówki
I herbatę do kolacji
Wlać dwa kubki, przekroić na pół kanapki
Albo płatki zalać mlekiem
Może z wiekiem przyjdzie ogarnianie tego typu spraw
Mieszkam z rodzicami i nie mam prawa jazdy
Gram w LOL-a z chłopakami, no i mam IQ rozgwiazdy
I nie wiem jak Cię zdobyć, no bo mój status gwiazdy
Mało Cię obchodzi, wolisz Dioxa z HiFi Bandy
A ja chciałbym Cię mieć, ale wstydzę się zagadać
Może usłyszysz w Uberze to albo w Tarasach
Chciałbym Cię mieć, ale wstydzę się zagadać
Dlatego piszę ten tekst, bo byś się nie dowiedziała, że

[Refren]
Kocham Cię mała, skradłaś moje serce
I pewnie się zastanawiasz, czemu nie mówiłem wcześniej
Jak już to przesłuchałaś w ESKI Gorącej 20
To już wiesz, że się nie oprzesz aż tak gorącej dwudziestce jak ja
I nie wiem, co powiedzieć więcej
Bo to trochę tak, jakbym prosił Cię o rękę na meczu
Kiss cam, cały świat stanął na parę sekund i się patrzy na nas
Więc pocałuj mnie i chodźmy stąd

[Zwrotka 2]
Nie wiedziałem, jak powiedzieć to w twarz Ci
Dlatego piszę ten track i każde przekleństwo wyp...
Bo chcę żeby leciało se w każdej radiostacji
To, że kocham Cię mała i że dla ciebie śpiewam lalalala
Pamiętam ten dzień jak mnie poznałaś, a ja Ciebie
Miałaś crop top PLNY LALA, bo to było na imprezie
Słodko się uśmiechałaś, ale nie wiem (czy do mnie)
Bałem się zagadać, bo nie byłem pewien (siebie)
Bo ty jak nikt kochasz tańczyć
A ja nie znam żadnych kroków (nie znam)
Masz oczy jak Atlantyk, a ja mam zeza w lewym oku
I brwi jak Czesław Miłosz, ale może gdzieś to miłość jest
Piękna zakocha się w bestii i będziemy best
Wybaczysz moje wady i moje błędy
Zrozumiesz moje dziaby i krzywe zęby
I to że słucham Chady i Codeine Crazy
A jak wyjadę z Warszawy to wrócę, jak tylko powiesz, że tęsknisz
Bo

[Refren]
Kocham Cię mała, skradłaś moje serce
I pewnie się zastanawiasz, czemu nie mówiłem wcześniej
Jak już to przesłuchałaś w ESKI Gorącej 20
To już wiesz, że się nie oprzesz aż tak gorącej dwudziestce jak ja
I nie wiem, co powiedzieć więcej
Bo to trochę tak, jakbym prosił Cię o rękę na meczu
Kiss cam, cały świat stanął na parę sekund i się patrzy na nas
Więc pocałuj mnie i chodźmy stąd
Więc pocałuj mnie i chodźmy stąd
(Więc pocałuj mnie i chodźmy stąd)

(Outro)
Kocham cie mały, skradłeś moje serce
(tututu łełełe)"
Mata,Szmata,"[Zwrotka 1]
Zawijam ją na chatę, bardzo chętnie się zeszmacę
Piję sobie wódę, ona pije sobie Sake
Przez chwilę myślałem, że Mata to matafucker
Ale nie jest tak wcale, zrobię wszystko, co mi każesz
No bo nie potrafię żyć inaczej, w inny sposób
Mój moralny kręgosłup dźwiga bardzo dużo osób
One siedzą na mnie, mówią, że jest fajnie
Że wyglądam ładnie, żebym zjadł je, ale po chuj? (Jak lasagne)
Ja bym tylko chciał śniadanie jakieś zjeść
Ale póki co jestem surowym mięsem, wokół mnie kucharek sześć
Zrób ze mną co chcesz, mała zrób mi to, co chcesz (błagam, weź mnie)
No bo jestem pierdolonym niewolnikiem
Każesz mi językiem zrobić tak, żebyś odleciała
Niby jesteśmy u Michała, no i powinienem VIP-em być
Ale jestem twój i dlatego znów

[Refren]
Bij mnie po twarzy, nikt nie zauważy nas
Odpalam haszysz, ona zarzuca na język kwas
Wszędzie mam siniaki, chociaż Stawki to nie Fight Club
Mówisz do mnie: ""zdejmij majtki"", no bo nie lubisz, jak w majtkach jestem
Codziennie mam sylwester jak Stallone
One nagrywają sextape, bo mi stanął
Niebieska tabletka i Panadol
Tylko niebieska tabletka i Panadol

[Break]
Jeden Panadol czy dwa?
- Pięć!

[Zwrotka 2]
Bierzesz termometr do buzi, no to uważaj na rtęć
Bierzesz kęs mnie, mój materac to pręgierz
Jestem tylko na teraz, ale jak zechcesz, to będę
Bo jestem, kurwa, męską prostytutką
Wszystkie moje wersy dedykuję moim sutkom
Będzie bolał chuj mnie jutro, ale znowu wbijam chuj w to
Znowu wbijam chuj w to, no bo jestem, kurwa, kurwą
Nie lubię zakładać gumek, lecz muszę
Jedna myślała, że MAT jest Mateuszem
Ale nawet nie poprawiłem, bo było mi dobrze i miałem to w dupie
Dobry soundtrack lubię, teraz akurat leci sobie Blueface
Potem Usher/50 remix puszczę, biodrami synchro do nutek
Bo nie chce mi się spać, chciałeś, no to masz
Kurwa mać, jebać trap
Ona ma tatuaż z koroną, no i leci Fetty Wap
Ma tatuaż z koroną, no i leci sobie (WAP)

[Refren]
Bij mnie po twarzy, nikt nie zauważy nas
Odpalam haszysz, ona zarzuca na język kwas
Wszędzie mam siniaki, chociaż Stawki to nie Fight Club
Mówisz do mnie: ""zdejmij majtki"", no bo nie lubisz, jak w majtkach jestem
Codzienie mam sylwester jak Stalone
One nagrywają sextape, bo mi stanął
Niebieska tabletka i Panadol
Tylko niebieska tabletka i Panadol, ej"
Mata,Biblioteka Trap,"[Zwrotka 1]
Od kiedy wyszła pierwsza EPka, per chuj długi, zwraca się do mnie co druga panienka
I w sumie to niezła jest beczka
I w sumie to niezła jest beczka
I w sumie to niezła jest beczka, bo mój fiut ma czternaście i pół centymetra, kurwo, zapamiętaj
Zacząłem tu robić te rapy, bo ziomy nie miały co słuchać do skręta
Nagrałem se EP-kę o petkach i ktoś mi napisał komentarz
Lil Adi, Lil Adi, Filip Szcześniak wbił się na smerfa
I była to dla mnie bardzo niewygodna metka
Więc zgoliłem wąsa, bo bałem się, że tak do końca kariery mnie będą określać
A Michał tak nie chciał, bo o kseroboyach za dziecka śpiewała mu kiedyś Molesta
M-A-T-A czyli MATA, ksywę wymyślił mi papa, w 2k12 na wakacjach, czyli w połowie lata
Jak miałem dwanaście lat to już wiedziałem, że będę robił rap
I pisałem cienkie rymy jak poprzednie dwa, yo
Ej, mordo, tutaj ""dwa"" dwa razy zrymowałeś (Co?)

[Refren 1]
Co za przypał, musisz się popisać, Michał
Co za przypał, musisz się popisać, Michał
Co za przypał, hmm, musisz się popisać, Michał
Co za przypał, musisz się popisać, Michał
Co za przypał, musisz się popisać, Michał
Co za przypał [
krzyk
]

[Zwrotka 2]
Hasztag rehabilitacja, albo może pauza
Minimalna, mów mi Usain Bolt, bo przeczekuje false start, a i tak robię dziewięć pięć osiem
022, pozdro, HiFi Banda, odpierdol się tutaj ziom od mojego miasta
Pozdro Warszawka, Warszawka
Nie mam jazdy prawka, 
więc wbijam się w auto na traczkach
 (Brum, brum, brum!)
Haha, ayy, haha, yo, heh

[Refren 2]
Sto dni do matury, ciągle krzyczy mi matka
Ja mam marzenia, ja mam marzenia i mam te sto wersów w notatkach
A miałem się uczyć, a miałem się uczyć, a piszę sobie tu ten track trap
Biblioteka trap, trap, biblioteka trap, trap
Sto dni do matury, ciągle krzyczy mi matka
Ja mam marzenia, ja mam marzenia i mam te sto wersów w notatkach
A miałem się uczyć, a miałem się uczyć, a piszę sobie tu ten track trap
Biblioteka trap, trap, biblioteka trap, trap

[Zwrotka 3]
Podchodzi do mnie na balecie jakaś randomowa siksa i się pyta czemu taki ze mnie jest mizoginista
A odpowiedź brzmi nie wiem, a odpowiedź brzmi nie wiem, ale, kurwa, się domyślam
O Boże, mój Boże, mój Boże, mój Boże, mój Boże, ześlij mi tu sukę bez Insta
O Boże, mój Boże, mój Boże, mój Boże— a dlaczego ona jest brzydka?
Pcham swoje rapy w Soundclouda dla pozostawienia na planecie Ziemia dziedzictwa
Od 
Fumar Matu
 u Hype, a tu nic się nie zmienia, nie straciłem nawet dziewictwa
I darta jest japa, że tamta to ściera, szmata, dziwka
Prawda jest taka, że Mata stuleja, dlatego nawijka jest aż tak toksyczna
Jak wóda, to trap, a jak gibon, to freestyle
Jak piłka, to tylko Agrykola albo Fabryczna
Jak pizza, to tylko ananas i szynka, ijo, ijo, jebie mnie gastro milicja
Jak siłka to nigdy, bo nigdy nie byłem na siłce, jak syf to wyciskam
Jak schody i winda, to [
głęboki wdech
] winda
Na zwrotach se robię heheszki ze stresu, mimo to się jarasz, bo właśnie tak działa charyzma (Heh)
Robię se [
gwizd
], bo robię se rap na pół gwizdka
Mama mówi mi, ""Synu, be smart!"", a ja myślę o frytkach i stripsach
Wrzucam se kurwę i chuja i niech radio mi to wypipka, M-A-T

[Refren 2]
Sto dni do matury, ciągle krzyczy mi matka
Ja mam marzenia, ja mam marzenia i mam te sto wersów w notatkach
A miałem się uczyć, a miałem się uczyć, a piszę sobie tu ten track trap
Biblioteka trap, trap, biblioteka trap, trap
Sto dni do matury, ciągle krzyczy mi matka,
Ja mam marzenia, ja mam marzenia i mam te sto wersów w notatkach
A miałem się uczyć, a miałem się uczyć, a piszę sobie tu ten track trap
Biblioteka trap, trap, biblioteka trap, trap"
Mata,100 dni do matury,"[Zwrotka 1]
Dziesięć godzin do maturki bejbe, co ma być to będzie
Bałem się tego dnia od roku, ale dzisiaj czuje się nieźle
Mamo tato obiecuje, kiedyś się za szkołę wezmę
Ale nie dziś ale nie dziś, bo podpisuje kontrakt z SB
Jak będzie trochę cieplej to pojadę se nad Zegrze
Jak będzie trochę cieplej no to zgolę się na lesbę
Jak miałem 10 lat to był sylwester, grałem se w PSP
Jak miałem 14 to waliłem wódę przed snem
3 lata później miałem w lewej ręce pętle
No i chociaż ogoloną gębę to w prawej żyletkę
A w tym roku na koncercie będę drzeć się
Że w sumie życie jest niezłe, no bo w sumie jest niezłe

[Refren]
Sto dni do matury krzyczała mi matka
I miałem się uczyć i miałem się uczyć,
A wyszło jak wyszło i ziomalu sprawdzaj
I miałem marzenia i miałem marzenia i poszło jak z płatka
Michał, M-A-T-A, a SB to Maffija
Sto dni do matury krzyczała mi matka
I miałem się uczyć i miałem się uczyć,
A wyszło jak wyszło i ziomalu sprawdzaj
I miałem marzenia i miałem marzenia i poszło jak z płatka
Michał, M-A-T-A, a SB to Maffija

[Zwrotka 2]
Drogi pamiętniczku przyrzekam, że na nowych rzeczach
Nie będę nawijał już o grubości mego napleta
No bo podobno to nietakt
A w Afryce umierają dzieci z głodu
Chwilę se poczekasz zanim się postaram
No bo to tracki do browara
A nie dla przyszłego stulecia traktaty no i ofiara
Ale zrobię to i napisze wierszyk
Który będzie o czymś ważniejszym niż winko no i petki
Ale zrobię to i będę poważny no i mądrzejszy ale nie dziś no bo dziś ""Wesoło jest w Bullerbyn"", się cieszmy! haha jooł

[Refren]
Sto dni do matury krzyczała mi matka
I miałem się uczyć i miałem się uczyć,
A wyszło jak wyszło i ziomalu sprawdzaj
I miałem marzenia i miałem marzenia i poszło jak z płatka
Michał, M-A-T-A, a SB to Maffija
Sto dni do matury krzyczała mi matka
I miałem się uczyć i miałem się uczyć,
A wyszło jak wyszło i ziomalu sprawdzaj
I miałem marzenia i miałem marzenia i poszło jak z płatka
Michał, M-A-T-A, a SB to Maffija

[Zwrotka 3]
Zimą zerwałem z dupką, wciąż tęsknię - za jej pieskiem
Nikt nie potrafił mu wytłumaczyć dlaczego odszedłem
Jeśli tego słuchasz mała no to proszę podrap go ode mnie
Jeśli tego słuchasz mała to wiedz, że mówiłem różne rzeczy ale dzięki tobie jestem tu gdzie jestem
Pozdro stara gwardio i koledzy z Estadio, kolana na tartanach, rap to też sport, dzisiaj zedrę gardło
Pozdro wszystkim ziomalom, dzięki za wsparcie Wygi, Szczepano
Z fartem niech żyje Gombao
Na zawsze i ty też Adamo, czyli u naszego wozu tu koło czwarte, ło brum brum
Pozdro Starter jak schody i winda to z podziemia na parter
Pozdrawiam Małpę Diego, zbijam żółwia z Hypem
Pozdrawiam wszystkich wrogów środkowym palcem
Kurde w sumie nie mam wrogów, dobra nieważne
Tato kocham cię najbardziej na świecie, mamo ciebie też
Nie myślałem, że tak kiedyś powiem o kobiecie na traczkach
Nie myślałem, że wylecę tak szybko z gniazda
Wy pewnie też, ale się widzim na tych obiadkach
Jak się boicie, że zapomnę zatracając się w rapach to pamiętajcie MA jak mama TA jak tata
I wiem, że wciąż mam w tym pokoju bajzel
A, że ma być czysta chata, ale tym razem mówię to naprawdę, zara pozamiatam jo!

[Refren]
Sto dni do matury krzyczała mi matka
I miałem się uczyć i miałem się uczyć,
A wyszło jak wyszło i ziomalu sprawdzaj
I miałem marzenia i miałem marzenia i poszło jak z płatka
Michał, M-A-T-A, a SB to Maffija
Sto dni do matury krzyczała mi matka
I miałem się uczyć i miałem się uczyć,
A wyszło jak wyszło i ziomalu sprawdzaj
I miałem marzenia i miałem marzenia i poszło jak z płatka
Michał, M-A-T-A, a SB to Maffija

[Outro]
ZDAŁEM KURWAAAA HAHAHA"
Mata,Kurtz,"[Intro: Mata]
Ej, oh, ej, oh, oh, oh, oh

[Zwrotka 1: Mata]
Nie widziałem słońca od kilku miechów
Dzień dobry i do widzenia chcę mówić
A nie tylko dobranoc i dobry wieczór
Muszę kupić budzik i parę witamin, takich, co zimą dużo ludzi
Je w Skandynawii
Parę witamin, trochę się odmulić
Lubię się bawić, lubię się przytulić podłogą do twarzy
Możesz zauważyć mnie w różnych miejscach w Warszawie, gdzie lubię przysmażyć
Gdzie lubię potańczyć i wypić dwie flachy
Gdzie lubię powalczyć i zwyzywać pały
Gdzie lubię majaczyć i zjadać kebaby
Gdzie bardzo nie lubię odmawiać
Gdzie lubię się zabić
Muszę odkurzyć i zapakować moje brudy do pralki
Muszę się odurzyć, żeby podokańczać kawałki, ej
Nie mam już siły do walki z tym
Kurz i dym, tylko kurz i dym, i dym, i kurz
Bardzo chcę w końcu postawić na nogi się, ale bardzo niski jest na to kurs
Jestem zniszczony chorobą jak Kurtz
Mam zatkany nos, a jak mam zatkany nos, no to na język zawsze ciśnie mi się to samo, czyli parę kurew
Spadam w dół, spadam w dół
I może to błąd, ale spadam w chuj

[Refren: Mata]
Warszawiak roku to żul
Mogę w tym mieście zrobić co zechcę
Schodki mojego imienia i chuj
Sodoma, Gomora, Śródmieście
Pali się skun, pali się coś jeszcze
Mam depresję, a może to jebany kac, ej
Warszawiak roku to żul
Mogę w tym mieście zrobić co zechcę
Schodki mojego imienia i chuj
Sodoma, Gomora, Śródmieście
Pali się skun, pali się coś jeszcze
Mam depresję, a może to jebany kac, ej

[Zwrotka 2: Taco Hemingway]
Lubię, gdy budzi mnie rano dźwięk deszczu
Bo gdy na mieście jest przestój, nie czuję winy, że siedzę po ciemku
Zaraz trzydzieści dwa lata, więc powinienem już myśleć o dziecku
A myślę o tym, że Kanye pisał Fantasy już jak był w moim wieku
A w wieku Maty chciałem być gwiazdą i to na całą kulę ziemską
W piwnicy w lato się upijałem, gdy brakowało mi tekstów
Wyszła angielska płytka, ale nie pykła, więc wyszedłem po angielsku
Złamane serce, po co na mikrofon wydałem ostatnie pięć stów?
Lubiłem nocą się snuć i nocą się tłuc, i nocą się truć
A obecnie już to wolałbym uciec w dżunglę gdzieś jak Colonel Kurtz
Jak nie odpisuję, to nie dzwoń, jestem na randce ze swoją depresją
Tańczę we mgle niczym dziecko, a paparazzi skitrani po krzakach jak Wietkong
Myślę o śmierci porankiem, brak czasu, by rozkminiać sprzedaż
Gdy chciałem iść na terapię, powiedzieli, że terminów już nie ma
Każdy w Warszawie się leczy i uzupełnia apteczkę
Czego się w sumie spodziewać po mieście, którego reprezentant twierdzi, że

[Refren: Mata]
Warszawiak roku to żul
Mogę w tym mieście zrobić co zechcę
Schodki mojego imienia i chuj
Sodoma, Gomora, Śródmieście
Pali się skun, pali się coś jeszcze
Mam depresję, a może to jebany kac, ej
Warszawiak roku to żul
Mogę w tym mieście zrobić co zechcę
Schodki mojego imienia i chuj
Sodoma, Gomora, Śródmieście
Pali się skun, pali się coś jeszcze
Mam depresję, a może to jebany kac, ej

[Zwrotka 3: Mata, Taco Hemingway, Mata & Taco Hemingway]
Fifi warszawski Gatsby
, 
mail od papugi
 i architektki
Blanty, bletki, ćwiartki, setki
Balenciagi, Prady metki, ej
W ""Kabrioletach"" śmiałeś się z nich. Wiem
Lecz droga koszula sprawiła, że chociaż na chwilę poczułem się 
piękny jak Chalamet
Kocham przyjaciół, lecz nie mam pewności, czy nadal kochają mnie
Nie patrzyłem w lustro dawno, 
ej
, bo nie wiem, czy oczy poznają mnie
Chciałbym poznać swoją wartość (ej), chciałbym wierzyć w swoją wartość
Wierzyć, że jak mnie nie lubią, to wcale te kurwy nie znają się

[Refren: Mata, Taco Hemingway, Mata & Taco Hemingway]
Warszawiak roku to żul
Mogę w tym mieście zrobić co zechcę
Schodki mojego imienia i chuj 
(uh)
Sodoma, Gomora, Śródmieście
 
(mmm)
Pali się skun, pali się coś 
jeszcze
Mam 
depresję
, 
a może to jebany kac, ej
Warszawiak roku to żul
Mogę w tym mieście zrobić co zechcę
Schodki mojego imienia i chuj
Sodoma, Gomora, Śródmieście
Pali się skun, 
pali się coś jeszcze
Mam 
depresję, a może to jebany kac, ej"
Mata,Tango,"[Intro]
— Ty! Ty im się tak łatwo nie daj, nie tacy znowu oni silni
— No a co mam robić?
— Postaw im się, zobaczysz, jak od razu zmiękną. No a może nawet cię przyjmą do mafii?
— Mnie? To byłoby ciekawe

[Zwrotka 1]
Tańczę tango z kurwami jak na bicie Kiełasa
I nie czytałem tej lektury, bo nie lubię zasad
Jadę do szkoły w Sawa Taxi, jeszcze za małolata
I słucham ""Tego nie da się naprawić"", a potem Slums Attack
Babcia wlewała mi kompot do kubka
Potem wlewała mi pogląd do głowy, nosz kurwa mać!
I mówiła mi, żebym nie był wulgarny
Ha, ha, ha, ha, ha, chuj, dupa, cycki
Jebać ksywki i teledyski
Jebać faszyzm i rymy, i jebać, kurwa, wszystkich
Tańczę jak debil poloneza w krawacie
Dostaję zeza, bo mam od chuja notatek na blacie
W Czytelni Kierbedzia piszę dyskografię na Type Beat Boom Bapie
No bo mój producent zamiast w FL siedzi na UCASie
Bracie, wszyscy mówią nam, jak mamy żyć i że mamy być kimś
Ale co to w ogóle, kurwa, znaczy?
Bracie, tak se myślę, że chyba nam to pyknie
Ale jak nie, to do zoba na etacie, joł

[Refren: Mata, 
O.S.T.R & Pezet]
Wszyscy moi ludzie niepoprawni politycznie są
Moi ludzie kładą chuja na ten system, bo
To niezależny hip-hop, w nim jak joint nie zgasnę
Jebać policję
Wszyscy moi ludzie niepoprawni politycznie są
Moi ludzie kładą chuja na ten system, bo
Psy są górą tylko w reklamach Pedigree
Jebać policję, jebać policję, jebać policję

[Zwrotka 2]
Czytaliśmy ""Kamień filozoficzny"" zamiast Biblii
Zgadnij, która z tych pozycji była z czarnej listy
Nie chcę być polityczny, ale wszyscy zaczęliśmy jako korwiniści albo komuniści
Nie chcę być polityczny, więc nie powiem ci, czy wyrośliśmy, czy nie wyrośliśmy
Behawioryści są jednomyślni, że co drugi szczyl zasady niszczy
W myśl zasady, że po to są, żeby je niszczyć
Ból i wstyd czują moje polonistki, bo niszczenie zasad to nie związek frazeologiczny
To, co złamane, można skleić albo włożyć w gipsy
Więc, dziwki, sklejcie wary, bo my chcemy, kurwa, zgliszczy, joł

[Refren: Mata, 
O.S.T.R & Pezet]
Wszyscy moi ludzie niepoprawni politycznie są
Moi ludzie kładą chuja na ten system, bo
To niezależny hip-hop, w nim jak joint nie zgasnę
Jebać policję
Wszyscy moi ludzie niepoprawni politycznie są
Moi ludzie kładą chuja na ten system, bo
Psy są górą tylko w reklamach pedigree
Jebać policję, jebać policję, jebać policję

[Outro]
Siedzę sobie na prezesie i palę Camela
Ile w tym buncie buntu, a ile samozniszczenia?
Może rozkminię se za dziesięć lat, ale nie teraz
Bo teraz mam ochotę się najebać
Piję Gorzką Żołądkową figową z Tigerem
Byłem menelem, zanim Sulma powiedziała, kim jest Mendelejew
Byłem raperem i jestem raperem
No bo nie powinienem, joł"
Mata,Szafir,"[Refren]
Bombay, Sapphire
Wygląda jak Twoje oczy, a mi chcę się pić, chcę się ich napić
I chyba muszę się zaszyć, gdzieś z Tobą
Jadę na Bemowo
OG Kush z wodą
Hulajnogą, jedziemy po Sapphire
Wygląda jak Twoje oczy, a mi chcę się pić, chcę się ich napić
I chyba muszę się zaszyć, gdzieś z Tobą
Jadę na Bemowo
OG Kush z wodą
Hulajnogą, jedziemy się zgubić

[Zwrotka 1]
Ay, jak Scooby i Kudłaty wpadłaś w tarapaty
Zadzwoń, albo napisz to pogadamy i już
Lubię, kiedy zamawiamy to sushi dla dwóch osób
Na śniadanie o szesnastej i jemy je w łóżku
Ty mały maluszku
Jesteś tak piękna jakbym zawsze widział Ciebie po maluszku
Bombay Sapphire, Bombay Sapphire, pomarańczowe Cappy
Ja mam oczy brązowe, ty masz oczy Bombay Sapphire
I cię dominuję jak w BDSM
O nie, to było troszeczkę brzydkie
I cię dominuję, ja wiem
No bo sprawdzałem w naszej krzyżówce genetycznej (ay)
Wyglądasz ślicznie, jak masz warkoczyki albo dwa kucyki
Ty to Minnie, a ja Mickey Mouse
Bonnie i Clyde, ale jedyne co będziemy kraść, to sobie serca nawzajem
Albo zapalniczki, jeśli będziesz potrzebowała do fajek
Po chuj się chowałaś?
Skoro jesteś tak mała, jak igła w stogu siana
Mmm, dobrze, że Cię znalazł ktoś

[Refren]
Bombay, Sapphire
Wygląda jak Twoje oczy, a mi chcę się pić, chcę się ich napić
I chyba muszę się zaszyć, gdzieś z Tobą
Jadę na Bemowo
OG Kush z wodą
Hulajnogą, jedziemy po Sapphire
Wygląda jak Twoje oczy, a mi chcę się pić, chcę się ich napić
I chyba muszę się zaszyć, gdzieś z Tobą
Jadę na Bemowo
OG Kush z wodą
Hulajnogą, jedziemy się zgubić

[Zwrotka 2]
Gdzieś, jak Daphne i Fred albo jak Fred i Daphne
Gdy nie ma Ciebie obok, nie wiem czy w spokoju zasnę
Pachniesz jak tysiąc pięćset sto dziewięćset ciastek
A ja zjem je wszystkie i będę chciał dokładkę
Wiem, że czasem humor w kratkę mam, jak mój kapelusz
Ale nie martw się już
Zaraz go zdejmę, tylko nic nie mów nikomu
Chcę do domu, kiedy Cię nie ma w pobliżu
Wyznałem Ci miłość do mikrofonu, więc nie pytaj, czy to na zawsze
Bo te słowa trwalsze są nawet od spiżu
Przynajmniej tak mówił Pankracy
Biżuterii nie chcesz, nie chcesz mojej kasy (całe szczęście)
W sumie po co biżuteria, jak masz oczy Bombay

[Refren]
Sapphire
Wygląda jak Twoje oczy, a mi chcę się pić, chcę się ich napić
I chyba muszę się zaszyć, gdzieś z Tobą
Jadę na Bemowo
OG Kush z wodą
Hulajnogą, jedziemy po Sapphire
Wygląda jak Twoje oczy, a mi chcę się pić, chcę się ich napić
I chyba muszę się zaszyć, gdzieś z Tobą
Jadę na Bemowo
OG Kush z wodą
Hulajnogą, jedziemy się zgubić"
Mata,JESTEM POJ384NY,"[Intro]
Pedro
Ayo, FLORY, turn me up
Ayo, francis

[Refren]
Od małego mówią mi, że jestem pojebany
Robię pojebany kwit, po dwie bańki od reklamy
Zwiedzam z kolegami banki od Szwajcarii po Kajmany
Te dupki to nasze fanki (Yeah, zawijamy)
Czwarta rano, CBŚ dzwoni do mojej mamy
Dobry wieczór, Państwa syn dziś przedawkował xany
Mordo, schowaj ten telefon, może być podsłuchiwany
Mordo, schowaj ten telefon (Yeah)

[Zwrotka 1]
Trochę poryło mi łeb, ale wciąż jak sklep wielki
Kiedyś byłem mały, no a teraz jestem wielki
Zbudowałem królestwo, kurwo, jak Kazimierz Wielki (Sukces murowany)
Za fosą kurestwo, tylko wszyscy grają w giеrki (Jestem pojebany)
Wgrali mi na iOS Pеgasus, a chciałem Atari
Te typiary idą pić i kiedy jesteśmy sami, mm
Moi fani tak jak ja — pojebani (Pogo, pogo, pogo)
Wyglądamy jak sekta, proszę się nie bać
Łapy do góry, no bo spadam z nieba
I nie chcę rozjebać bani

[Refren]
Od małego mówią mi, że jestem pojebany
Robię pojebany kwit, po dwie bańki od reklamy
Zwiedzam z kolegami banki od Szwajcarii po Kajmany
Te dupki to nasze fanki (Yeah, zawijamy)
Czwarta rano, CBŚ dzwoni do mojej mamy
Dobry wieczór, Państwa syn dziś przedawkował xany
Mordo, schowaj ten telefon, może być podsłuchiwany
Mordo, schowaj ten telefon (Yeah)

[Zwrotka 2]
Jakiś CB-skurwysyn dzwoni do mojego taty
Pański, kurwa, syn właśnie przedawkował kwasy
Wgramy wam do telefonu w chuj dziecięcej po-po-po—
Jeśli nie zamkniecie ryjów, jebani anty-Polacy
Za głośno fikałem, to mi wgrali Pegasus
Państwo polskie pojebane, dla mnie to jest mega sus
Prawie milion dziś przelałem do jakiegoś zjeba z ZUS
Prawie milion przejarałem, ona bierze z ust do ust

[Outro]
Od małego mówią mi, że jestem pojebany
Od małego mówią mi, że jestem pojebany
Od małego mówią mi, że jestem pojebany
Od małego mówią mi, że jestem pojebany
Od małego mówią mi-mi-mi-mi, —bany-bany-ba-ba-ba-ba-ba-ba
Mi-mi-mi-mi, —bany-bany-ba-ba-ba-ba-ba-ba
Mi-mi-mi-mi, —bany-bany-ba-ba-ba-ba-ba-ba
Mi-mi-mi-mi, —bany-bany-ba-ba-ba-ba-ba-ba
​"
Mata,Schodki (Bonus Track),"[Zwrotka 1]
Idę po hot doga na Orlenka
Do Orlenka jest kolejka, a więc idę se do Cerfa, noc jest piękna
I wie o tym też, ta orkiestra dęta
Z JBL-ka leci Saska Kępa 'skurwysynu zapamiętaj'
Pamiętam jak stawiałem w TOI'U kloca
Trzy lata później mieli puszczać nas w Hocach
Maleńka, no popatrz, zabrali ci twój ulubiony lokal
Siedzi skitrany jak Ruscy po drugiej stronie w okopach, ohhh
Ktoś się z kimś przelizał, ktoś się zrzygał
Ktoś komuś naubliżał, kiedy wiała sobie bryza
Lecimy freestyle pod Friko oddając hołd dinozaurom
Z publiką na widowni niczym w Epidauros
Sprawdź to i wiedz, że porą gdy już światła dnia gasną
Jebie nas to, że stare baby na Powiślu nie mogą zasnąć, joł

[Refren]
Jebane młotki zostawcie nasze schodki
My tu tylko pijemy to piwo i palimy lolki
No sorki, że byliśmy trochę głośni
Nana-nana-nanana
Jebane młotki zostawcie nasze schodki
My tu tylko pijemy to piwo i palimy lolki
No sorki, że byliśmy tacy głośni
Nana-nana-nanana

[Zwrotka 2]
Żyjemy na tych czterech piętrach, które stygną bo się ściemnia
Mamy czteropak Despa, który się ociepla
Docierają do nas dźwięki słynnej piosenki Uzi Verta
Wisełka, Wisełka, piwerka do skręta
Nie robimy nic innego, stąd ta monotematyka w tekstach
Ziomo cho no, no bo bijatyka bez nas
Joł, gdzieś tam: Sebastiany, ochroniarze, ZOMO
Tatuaże, tulipany, honor dorabiamy tym wpierdolom
Tę ideologię co noc - bezsensownie, ""taki mam kurwa problem""
Jak chcesz dać mi w mordę ziombel, to po prostu daj mi w mordę
Joł, tylko dopiję Łomżę i zaciągnę się wielbłądem - dobrze?

[Refren]
Jebane młotki zostawcie nasze schodki
My tu tylko pijemy to piwo i palimy lolki
No sorki, że byliśmy trochę głośni
Nana-nana-nanana
Jebane młotki zostawcie nasze schodki
My tu tylko pijemy to piwo i palimy lolki
No sorki, że byliśmy tacy głośni
Nana-nana-nanana

[Outro]
La lalala lalala lalalala
La lalala lalala lalalala
La lalala lalala lalalala
La lalala lalala lalalala"
Mata,MC,"[Intro]
Yea-yeah (Ej), ej, he-ej, mhm

[Zwrotka 1]
Wstałem jak co dzień rano, no i, kurwa, znów to samo
Pół Polski chce mnie pobić, pół Polski bije brawo
Płacze co drugi rodzic, bo trudno się pogodzić
Z tym, że patoraper nie chce zostać super nianią (Niee)
Psy szczekają, ale robią to w kagańcu
A moja karawana jedzie dalej jak przez drive-thru
Ja i przyjaciele dzielimy to na czterech
Jestem multimilionerem, bo piliśmy za to w parku (Ejj)
Znowu nowe wersy pisze kolejny ghosthater
Że Mata jest kretynem i jest tu tylko na chwilę
Nawijam to do majka, wy piszеcie jeszcze więcеj
Jesteście tylko paliwem w moim perpetuum debile
Tak jak Laik na wigilię, będę puszczał to co roku
Bo czuję spokój tylko, kiedy jestem solą w oku
I coś pierdolą wokół mi
A ja słyszę tylko dźwięki hip-hopu na dziesiątym piętrze w bloku

[Refren]
Widzą we mnie Eminema i chcą, żebym był Magikiem
Słyszą głos pokolenia i czekają na manifest
Piszą coś w DM-ach, a ja ciągle mam to w cipie
No bo wczoraj jadłem frytki z keczupem, jutro zjem frytki z Travisem, ej
Piszę to na Teneryfie
Marzenia z biblioteki to teraz plany na weekend
Ludzie skaczą do rzeki, żeby wypić z nami łychę
A my dalej tacy sami, gramy najarani w FIFĘ
Dwadzieścia dwa — zaraz będę miał w metryce
Mam na imię Michał i bardzo kocham muzykę
I jeśli umrę dzisiaj, to spełniłem obietnicę
Bo nie ma w Polsce skurwiela, co nie słyszał czterech liter
Pora podbić świat, pora podbić świat, pora podbić świat (Pora, he)

[Zwrotka 2]
Wiesz, kiedy zrozumiałem to, że ludzie to zwierzęta?
Kiedy zwyzywał w sieci mnie mój były terapeuta
Nie bójcie się leczyć, bo nie każdy z nich to menda
Ale jebać *******kiego, jak każdego konfidenta
Dopiero się rozkręcam i właśnie to was nakręca
Zjebani boomerzy wychowani na przekrętach
Coś mi węszą po kieszeni i szukają gdzieś Rolexa
Kiedyś nachlany na ziemi, dziś dwa asy tam, gdzie rękaw
Mogłem być w AA, ej
A jestem w Gdańsku i patrzę na zatokę jak mój laryngolog Artur
Nie miałem znajomości i dobrze wiesz, jakie IQ
A pozamiatałem scenę, bo się nie pierdolę w tańcu
Chyba że tańczę flamenco i ktoś opierdala pento mi
Chyba że Macarenę, bo mi pękło dziś (Mmm)
Eee, Macarena
Żyjemy, kurwa, w lesie, a więc trochę se pokrzyczę
Zanim całkowicie zmienię stan skupienia w ciszę
Jak nie wiem, co robić, no to siadam, no i, um
Zmieniam stan skupienia w taki, że mógłbym być, kurwa, mnichem
Przede mną nie gadali o tym z Taco, tylko z Quebo
Nie gadali ze Skeptą, nie gadali ze Sferą
Mam billboard na Manhattan, a Polacy wciąż nie wierzą
Że głośno o Polakach w rapie może być za miedzą
Zrobię to, co potrafię
Czasem szesnaście godzin dziennie siedzę w studiu, no a czasem na kanapie
Ale wstaję po południu i nie tyram na etacie
Dlatego szanuję pracę, ty wylewasz matcha latte, głupia pizdo
Jak to wbiłem w kwestii dziury ozonowej
Skoro prosiłem prezesa, żeby zrobili schabowe
Jakbym tego nie wziął, to i tak by to wziął Sobel
A zabito tyle krów, ile w Chinach ginie w dobę, i tak w chuj
Ale mogę chociaż napisać na grobie
Że zrobiłem coś, jako pierwszy biały człowiek
Zrobiłem coś, a ty drapiesz się po głowie
Słuchają tego w Ohio i słuchają w Legionowie
Słuchają tego w radiu, bajo jajo pierdolone
Mam chuja jak jakiś bambus, no bo trochę rośnie co dzień
Ty mi koło niego latasz tak jak panda z dużym głodem
Nie Fiat Panda, tylko rower
Nowy sandał na mej stopie, he
Tylko Pan da mi odpowiedź na, ej
Na pytania, które w głowie, mm (Na pytania, które w głowie mam)

[Refren]
Widzą we mnie Eminema i chcą, żebym był Magikiem
Słyszą głos pokolenia i czekają na manifest
Piszą coś w DM-ach, a ja ciągle mam to w cipie
No bo wczoraj jadłem frytki z keczupem, jutro zjem frytki z Travisem, ej (Ha, ha, ha)
Piszę to na Teneryfie
Marzenia z biblioteki to teraz plany na weekend
Ludzie skaczą do rzeki, żeby wypić z nami łychę
A my dalej tacy sami, gramy najarani w FIFĘ
Dwadzieścia dwa — zaraz będę miał w metryce
Mam na imię Michał i bardzo kocham muzykę
I jeśli umrę dzisiaj, to spełniłem obietnicę
Bo nie ma w Polsce skurwiela, co nie słyszał czterech liter
Pora podbić świat (Hej)
Pora podbić świat, pora podbić świat (
Yeah, yeah, yeah
, pora podbić świat)
Pora podbić świat, pora podbić świat, pora podbić świat
(Pora podbić, pora)
​​"
Mata,Żółte flamastry i grube katechetki,"[Zwrotka 1]
Kiedyś nie byłem tak durny, miałem i kredki i piórnik
Miałem plan lekcji z Lionelem Messim, uczyłem się w domu do każdej kartkówki
Kiedyś nie byłem tak durny, grube katechetki, przynosiły nam mleko i marchewki
I każdy je pił i każdy je jadł i każdemu uszy się trzęsły
Nie ma dobra i zła, są tylko ci grzeczni i ci niegrzeczni
I wymieniają figurki z Lego na naklejki
Codziennie o 7:30 był apel, a potem różaniec
Najpierw uczyli nas musztry, a potem mówiliśmy amen
Codziennie czytaliśmy Stary Testament i Nowy Testament
I słowo stawało się ciałem
Był taki łysy ksiądz w okularach i dawał nam fajne kazania
W pierwsze piątki chodziliśmy na msze, w czwartki były zebrania
Ale takie dla rodziców, a nie dla nas, robili nam kanapki na śniadania
A siostry dawały je bezdomnym, kiedy ktoś z nas nie dojadał
A siostry robiły nam tosty i kazały całować chleb, gdy upadał i całowaliśmy ten chleb, gdy upadał
A teraz błagam, ty też mnie pocałuj, bo czekam na sygnał by wstawać

[Refren]
I choć gołym okiem widzę, że gdzieś łączy się niebo i ziemia
To wciąż jest daleko i bardzo się boję, że w końcu opadnę z sił
I choć w sumie znam więcej dowodów na to, że wcale cię nie ma
To postaram się żyć tak, jakbyś był
I choć gołym okiem widzę, że gdzieś łączy się niebo i ziemia
To wciąż jest daleko i bardzo się boję że w końcu opadnę z sił
I choć w sumie znam więcej dowodów na to, że wcale cię nie ma
To postaram się żyć tak, jakbyś był

[Zwrotka 2]
Kiedyś miałem piękną żonę i plastikowy zegarek
Myślę o tym, gdy w telewizorze widzę śpiącą rybkę o czwartej nad ranem
I doceniam po latach leżakowanie, chociaż ani razu wtedy nie spałem
I tak sobie myślę co jest tym leżakowaniem teraz
A pamiętasz jak nieraz przed spaniem rozmawialiśmy o przeróżnych rzeczach
I czasem głupich nawet
Ale kładłem w tobie nadzieję i wiarę jak łokcie na parapet
Albo tę herbatę z granulek na ławie
Bo są rzeczy, których nie wolno nam pić
I których nie wolno nam jeść jak na przykład jarzębiny
A gdy jemy ryby to musimy uważać na ości, ale za to nie musimy aż tak bardzo pościć jak dorośli
A teraz dotknij mnie, tylko trochę wystarczy
Nie chcę wracać już do naszych wspomnień na tarczy
A teraz dotknij mnie, jeśli to słyszysz, bo tak bardzo chciałbym wiedzieć, że patrzysz

[Refren]
I choć gołym okiem widzę, że gdzieś łączy się niebo i ziemia
To wciąż jest daleko i bardzo się boję, że w końcu opadnę z sił
I choć w sumie znam więcej dowodów na to, że wcale cię nie ma
To postaram się żyć tak, jakbyś był
I choć gołym okiem widzę, że gdzieś łączy się niebo i ziemia
To wciąż jest daleko i bardzo się boję, że w końcu opadnę z sił
I choć w sumie znam więcej dowodów na to że wcale cię nie ma
To postaram się żyć tak, jakbyś był
I choć gołym okiem widzę, że gdzieś łączy się niebo i ziemia
To wciąż jest daleko i bardzo się boję, że w końcu opadnę z sił
I choć w sumie znam więcej dowodów na to, że wcale cię nie ma
To postaram się żyć tak, jakbyś był"
Quebonafide,Half Dead,"[Intro: Quebonafide]
High Tower
Dzisiaj słyszysz będę zawsze obok - ameno (ameno)
Jutro znowu siedzisz sam ze sobą - ameno (ameno)
Mam popierdolone zwidy, widzę to, czego nie widzisz
Składam chude palce w krzyżyk moje - ameno
*głośne oddechy, jęki, krzyk*
Ameno, ameno!

[Refren: ReTo & Quebonafide]
Mój danse macabre
Więc chodź do tańca, gdy krok to szansa i los nam gra
Mam duszę starca nie umiem walca, na palcach half (
dead
)
Na palcach half (
dead
), na palcach half (
dead
)
Mój danse macabre
Więc chodź do tańca, gdy krok to szansa i los nam gra
Mam duszę starca nie umiem walca, na palcach half (
dead
)
Na palcach half (
dead
), na palcach half (
dead
)

[Zwrotka 1: Quebonafide]
Wkładam zblazowany moje Hypervenom
Obok sztuka jak z reklamy Kinder Bueno
Wszyscy coś mi pieprzą o miłości w kółko
Ale gdzie nie spojrzę wszędzie widzę przemoc
Znowu pisze w te noc, trzeci dzień rodeo
Jeszcze wczoraj nagrywałem spięty demo
Teraz leży pieniądz jak pod Erytreą
Jestem epidemią z wizją dzieci emo (co?)
Dzisiaj słyszysz ""będę zawsze obok"" - ameno (ameno)
Jutro znowu siedzisz sam ze sobą - ameno (ameno)
Mam popierdolone zwidy, widzę to, czego nie widzisz
Składam chude palce w krzyżyk - moje ameno
Jestem ledwie żywy, słońce, ledwie żywy
Z miasta które nie ma żadnej perspektywy
Tylko przejść przez kryzys, tylko ściepę w leasing
Tylko dobra żona, choć brzydsza niż Weezy
Weź to skończ albo zabij mnie
Strzelają do mnie jak do Harambe
Ile razy to bagno próbowało zabić mnie
Chwila przyjemności, potem skurwysynu zaraz śmierć - ameno

[Break]
Dori me
Interimo adapare dori me
Ameno ameno lantire
Lantiremo
Dori me

[Refren: ReTo & Quebonafide]
Mój danse macabre
Więc chodź do tańca, gdy krok to szansa i los nam gra
Mam duszę starca nie umiem walca, na palcach half (
dead
)
Na palcach half (
dead
), na palcach half (
dead
)
Mój danse macabre
Więc chodź do tańca, gdy krok to szansa i los nam gra
Mam duszę starca nie umiem walca, na palcach half (
dead
)
Na palcach half (
dead
), na palcach half (
dead
)

[Zwrotka 2: ReTo]
Ciągle spływają tylko winy, cierpię za swoje, reszta - to nie ja
Doroślej bywając, tylko czy mi na dobre wyjdzie - to beznadzieja
Ogarnia, kiedy swe myśli zbieram, ""to czas na sen?"", myślę: ""czyżby teraz?""
Nie widzi mi się i łypię okiem, i liczę, czego móc się spodziewać
Chcą mi wejść na łeb albo bym zdechł jak pies, a to mnie nie urządza
Przelewam krew za krew, wymieniam wdech na wdech, telefon zdechł na łączach
Takie miewam marzenia, ej, niektórzy myślą, że nie mam sumienia, ej
Lecz skoro na lepsze się zmieniam, jak mniemam, jak włączyć mam serce, jak mniemam, że nie mam, ej
Wierzę w to co widzę, ufam jedynie nagrobkom
Jak ci na pierwsze wybierają lider, często na drugie ci dają samotność
Jak jaram w furze, to opuszczam szybę, jak zjada smutek, to opuszczam głowę
Nie raz się na niej miewało mieć lipę, choć niby na zdjęcia zerkając nie powiesz, co?
Czy z połowy jestem martwy? Gdy nie bolą głowy takich jak ty - mi urywa łeb
Jestem chory czy normalny? Ty wiesz, skoro tworzysz fakty, a ja mam ukrywać je
Słyszę więcej, czuję więcej, widzę więcej - i to trochę ciężkie dla mnie odkąd wiem
Bo mi kurwa pęka serce i to dzieje się codziennie, jakby chciało odciąć tlen

[Refren: ReTo & Quebonafide]
Mój danse macabre
Więc chodź do tańca, gdy krok to szansa i los nam gra
Mam duszę starca nie umiem walca, na palcach half (
dead
)
Na palcach half (
dead
), na palcach half (
dead
)
Mój danse macabre
Więc chodź do tańca, gdy krok to szansa i los nam gra
Mam duszę starca nie umiem walca, na palcach half (
dead
)
Na palcach half (
dead
), na palcach half (
dead
)"
Quebonafide,BUBBLETEA,"[Zwrotka 1: Quebonafide]
Tęsknię za Tokio świecącym jak neon
Za Tel Awiwem białym jak welon
Za Nowym Jorkiem deszczowym jak...
W sumie wróciłem dopiero
Za brudną Antananarywą
Choć chcieli oszukać nas na paliwo
Tęsknię za pizzą w Weronie i Pizą
I na pewno wiesz czemu tęsknię za Rygą
Za nocnym Santiago i Limą
Za jazdą na stopa pustynią
W tamtej Toyocie tęskniłem za klimą
Ten silnik był głośny jak dziewczyny z Rio
Za jazdą skuterem przez Wietnam
Tą pierdoloną zatłoczoną drogą
W każdym z tych miejsc zabawa była świetna
Ale jeszcze bardziej...

[Refren: Daria Zawiałow & Quebonafide]
Tęskniłem za Tobą, nie kłamię jak zły
Że dałbym się pociąć, ale przyjmę kulkę w moim bubble tea
Tęskniłem za Tobą, nostalgia to błysk
Do którego nocą latają ochoczo takie ćmy jak my

[Zwrotka 2: Quebonafide]
Tęsknię za stertą rozrzuconych koszul
Za rapowaniem do utraty głosu
Spaniem do piątej, graniem od piątej
I za beztroskim oglądaniem pornosów
Tęsknię za zamkiem, freestylem na błoniu
Za jointem na klatce, uciekaniem z domu
Może mniej za tym, jak portfel był pusty
Musiałem się napocić tak jak Bruce Lee
Za Placem Kościuszki sprzedawaniem gazet
Za pierwszą gażą odebraną w ZPAVie
Za derbami w Mławie, łyżką cukru w kawie
Za Ciechanem w pubie
Za węglowodanami i plackami z Hita
Wtedy nikt z nas jeszcze nie żył jak robot
Tęsknię do tego gówniarskiego życia
Ale chyba jednak wolę to na zdrowo

[Refren: Daria Zawiałow & Quebonafide]
Tęskniłem za Tobą, nie kłamię jak zły
Że dałbym się pociąć, ale przyjmę kulkę w moim bubble tea
Tęskniłem za Tobą, nostalgia to błysk
Do którego nocą latają ochoczo takie ćmy jak my

[Zwrotka 3: Quebonafide]
Za Smarki Smarkiem, no bo młoda foka
Musiała mi się kiedyś znudzić w końcu
Tęsknię za poprzednim logo Reeboka
Nowe wygląda jak dla crossfitowców
Tęsknię też za Ligą Plus bo bez Smoka
Ten program już nie wygląda tak samo
Za szóstą odsłoną Pro Evo Soccer
Jezu, ale tam strzelałem Adriano
Za głową pomalowaną na biało
Do tego w sumie zawsze mogę wrócić
Za podzielonym na cztery ekranem
I graniem w te survivale Call of Duty
Tęsknię za quattro formaggi z Diavolo
Sentymenty mnie nigdy nie opuszczą
Rozlewałem wtedy sosy jak Pollock
I słuchałem bitów z crunkową perkusją

[Bridge: Daria Zawiałow & Quebonafide]
Gdybym miał strzelać w niebo zawsze, gdy zaczynam tęsknić
To posłałbym tam w górę więcej kulek im niż Nesquik
Po moim mieście snuję się jak zakochany Szekspir

[Refren: Daria Zawiałow & Quebonafide]
Tęskniłem za Tobą, nie kłamię jak zły
Że dałbym się pociąć, ale przyjmę kulkę w moim bubble tea
Tęskniłem za Tobą, nostalgia to błysk
Do którego nocą latają ochoczo takie ćmy jak my
Takie ćmy jak my
Takie ćmy jak my
Takie ćmy jak my
Takie ćmy jak my
Takie ćmy jak my
Takie ćmy jak my
Takie ćmy jak my
Takie ćmy jak my"
Quebonafide,Bogini,"[Zwrotka 1]
Jej skóra wygląda i pachnie jak Latte Macchiato
A wzrok na mnie działa jak Mate
To już nie jest normalne, mylę kawę z herbatą
Ale w razie ""W"" dam Ci erratę
Byle bez cukru jak na filmach
Krzyczy głośniej niż Walkiria
Zamawiam pizzę z małą i popijam drinkiem
A nasza chata to nowa Sycylia
Jak byłem gnojem, to zbierałem amatorskie pornosy
A teraz ciągnę za włosy bogini
Wtedy też miałem łysy łeb jak model od Goshy
Tylko wtedy nikt tego nie kminił, zanim mi
Udało się odkręcić los, rozrzucić lejce
Skurwiel nam raczej nie za bardzo sprzyjał
I handlowaliśmy wszystkim co wpadło w ręce
Zwijając się w dresie jak Gábor Király

[Refren]
Wszystko zmienia się nagle
Trzymam skarby przy boku i chronię przed nimi
Kiedyś tańczyłem z diabłem
Teraz sypiam z aniołem, dziś kocham z bogini
Wszystko zmienia się nagle
Trzymam skarby przy boku i chronię przed nimi
Kiedyś tańczyłem z diabłem
Teraz sypiam z aniołem, dziś kocham z bogini
Bogini, bogini
Dzisiaj kocham z bogini
Bogini, bogini (ha)
Dzisiaj kocham z bogini

[Zwrotka 2]
Moja bogini mówi w trzech językach (
zazwyczaj
)
Fuck me, joderme albo baise-moi
Ma libido jak Afrodyta (
zazwyczaj
)
Także właśnie nagrywam 
Erotykę 2
Z nowym hostingiem, mała mówi językiem ciała
Później zamieniamy łóżko w tajfun
Moja mała to datebae, się puka za dwie, nie
Dlatego mam trójkąt na palcu (
trójkąt na palcu
)
I to mnie w kółko nakręca
Jak zastrzyk z adrenaliny do serca
Tańczyłem z diabłem, to się zmienia nagle
Kupię Ci pandę i zbuduję Wersal
Moja bogini mówi w trzech językach:
A'la fuck you, largate, dégage d'ici lala
Więc, jak nie kumasz dalej, to przetłumaczy Ci, żebyś spierdalał szybko

[Refren]
Wszystko zmienia się nagle
Trzymam skarby przy boku i chronię przed nimi
Kiedyś tańczyłem z diabłem
Teraz sypiam z aniołem, dziś kocham z bogini
Wszystko zmienia się nagle
Trzymam skarby przy boku i chronię przed nimi
Kiedyś tańczyłem z diabłem
Teraz sypiam z aniołem, dziś kocham z bogini
Bogini, bogini
Dzisiaj kocham z bogini
Bogini, bogini (ha)
Dzisiaj kocham z bogini

[Zwrotka 3]
Kiedyś tańczyłem z diabłem, dziś sypiam z bogini
Nie leci na image ani Lamborghini
Zna każde moje znamię zabliźnione po ranach
I patrzymy przez ramię, bo już nic nie zasłania nam (oh!)
Teraz to ja tu jestem panem prezes
Robię robotę, a później całymi dniami leżę
Patrząc w sufit próbuję skupić
Jak młody hipis, kontra kontra i ruchy
Ona obok mnie, ja obok niej w pół-amoku
Cały świat w tle pogrążony w wojnie o pokój
Ktoś mnie pyta z boku, ""liczyłeś na fejm i forsę?""
Kurwa, kto by na to liczył w Ciechanowie przy ulicy Płońskiej?

[Refren]
Wszystko zmienia się nagle
Trzymam skarby przy boku i chronię przed nimi
Kiedyś tańczyłem z diabłem
Teraz sypiam z aniołem, dziś kocham z bogini
Wszystko zmienia się nagle
Trzymam skarby przy boku i chronię przed nimi
Kiedyś tańczyłem z diabłem
Teraz sypiam z aniołem, dziś kocham z bogini
Bogini, bogini
Dzisiaj kocham z bogini
Bogini, bogini (ha)
Dzisiaj kocham z bogini
Bogini, bogini
Dzisiaj kocham z bogini
Bogini, bogini (ha)
Dzisiaj kocham z bogini

[Tekst i adnotacje na Rap Genius Polska]"
Quebonafide,ROMANTICPSYCHO,"[Intro: Quebonafide & 
Taco Hemingway
]
- 
O, kogo widzę?
- Dzień dobry
- 
Dobrze, że Pan wreszcie dotarł
- Jakoś długo tu trafić nie mogłem, tu do Pana
- 
Może opowie mi Pan, co się u Pana działo ostatnio
- Mhm, tylko, chyba trudno mi tak będzie na sucho, bez bitu
- 
To może puszczę instrumental, a Pan mi opowie, co Panu leży na sercu, dobra?
- Okej
- 
W takim stylu może być?
- Tak
- 
Okej, zacznijmy od 2018 roku, co tam się wydarzyło?

[Zwrotka 1: Quebonafide & Taco Hemingway]
Skończyłem trasę Eko, chciałem tylko wieczny detoks
Śmierdzieliśmy groszem, wszędzie ten przeklęty fetor
Każdy machał łapą w górze jak maneki-neko
I poczułem szczęście wreszcie, to jak leczy mnie to, Miód i Mleko
Z moim przyjacielem za fuzję
Po której mamy grubsze portfele, no i żaluzje
Teksty odłożyłem na później, miałem kontuzję
A serca łamałem tak, że mógłbym z nich układać puzzle
Aż nie zakochałem się w dziewczynie z popu 
(Aha)
Była płomieniem, a ja beczką prochu 
(Aha)
Widziałem gwiazdy bez teleskopu
Ale rady na tej autostradzie miały znaki stopu
Byłem gotów, żeby zmyła ze mnie smutek
Choć pochodziła z branży, w której każdy rzeźbi tępym dłutem
W której, żeby sprzedać płytę, trzeba sprzedać dupę
A jeśli masz farcik, to wystarczy ci pokazać sutek
Ja z branży, która umie wszystko łatwo jebać
Sprzedałem więcej płyt niż Sheeran nie potrafiąc śpiewać
Wow, chodzę po niebie jak ten młody Jedi
Mamy całą scenę w ledach, świeci jak jebane Vegas
Skończyli mnie kochać, jak skończyłem ostatni nielegal
Czuję się jak Ronald Reagan, sława jest jak słony cheddar

[Bridge: Quebonafide & Taco Hemingway]
- Huh, w sumie tak... tak to w sumie wyglądało, huh...
- Oho, no ale może trzymajmy się jednego tematu, może coś o związku swoim Pan opowie, bo widzę, że Pana pochłonął
- Huh, totalnie...
- Jak, jak się Pan z tym czuje, jak to było, jakie to uczucie się zakochać?

[Zwrotka 2: Quebonafide & Taco Hemingway]
To było jak pigułka Somy
Moja mama mówiła: jesteś rozbisurmaniony
I nawet małe rzeczy z nią wyglądały jak cuda
Moja niania mówiła... Ty nie miałeś niani, Kuba
No tak, nie wiem wiele o opiece
Ale znam miejsca, do których będziemy długo lecieć
Ten jej słodki uśmieszek, tak jak dulce de leche
Ej, nie chcę nigdy budzić się w tym rutynowym świecie
Gdzie kurier przywozi dietę, kumpel przynosi becel
Łzy kapią na mój sweter, muszę wrócić z bukietem, a co? (co?)
Jeżeli większą uciechę niż to co mówię
Sprawia im to jak się uczeszę

[Bridge: Quebonafide & Taco Hemingway]
- Ale znowu wraca Pan do mówienia o sobie
- Przepraszam
- A może pogadajmy o niej, tak? Wróćmy do wybranki

[Zwrotka 3: Quebonafide]
Jej dłonie są takie ciepłe
Spalam się, jakbym trenował przed piekłem
Tak, coś sobie w końcu przyrzekłem
Nie mogę odejść, jest za dużo rzeczy, które są piękne

[Bridge: Quebonafide & Taco Hemingway]
- Aha, czyli nie jest z Panem tak najgorzej krótko mówiąc
- No nie wiem
- To w takim razie ja może Panu…
- Nie, nie, nie, nie...

[Zwrotka 4: Quebonafide]
Jestem w desperacji
Jakbym w sobotni deszczowy wieczór łapał taxi
Pizza i łyk Metaxy
Daj mi lekarstwa za cztery baksy, za cztery baksy

[Outro: Taco Hemingway]
- Nie, nie, nie, nie, ja przepiszę Panu jakieś benzo wobec tego, ale niestety wydaje mi się, że 
widzę u Pana początki syndromu romantic psycho"
Quebonafide,Futurama 3 (fanserwis),"[Tekst piosenki ""Futurama 3 (fanserwis)""]

[Intro]
Aha, właśnie tak, człowieku

[Zwrotka 1]
Jem kanapkę z Panadolem na śniadanie
Drogie panie mówią do mnie: ""Drogi Panie""
Z mojej drogi można robić tutoriale
Jak się robi tutoriale? Muszę pogadać z Draganem
Czy gdzieś widział taki kosmos, jak mam w bani?
Chyba nie, bo Galaktyki nie puszczamy
Znowu kręcę się między Jupiterami
Włączam piano Hani Rani, biorę szamę z Benihany
I chilluję z bandą, a właściwie z dwoma kolegami
I rozkminiamy, jaki los był kiedyś pojebany
Właściwie teraz też jest jeszcze pojebany trochę
Tylko, że teraz robię muzykę do mycia okien
Mentalnie — to ciągle mam Nokię i się wożę Astrą
A realnie — Tesla Roadster mi ładuje iPhone
Marzę o tym, gdzie pojadę, gdy wyrobię paszport
A rеalnie — kiedy mi wymyślą nowe państwo
""Co tеn Quebo teraz robi, gdzie jest tamten młody?""
Z tamtym Quebo, sorry, łączy mnie tylko data urodzin
Genetyczne kody, no i papilarne linie
Inne role i dialogi? Czy boxoffice? Gramy w innym filmie

[Zwrotka 2]
Plany i dywany wciąż omijam zwinnie
Twój raper wydany jest jak papier, no bo wszystko przyjmie
Drugi to pierwszy przegrany, zawsze jak w jebanym Rzymie
Nawet jakbyś opierdolił Viagrę, to nie staniesz przy mnie
Chyba że bym Ci wymyślił image, potem barsy, ksywkę
Potem w Melodynie kręcił suwak i poprawił dykcję
Potem trasa w klubach, z reklamy na freak-fightową bitwę
Jeśli masz na gardle brzytwę, to trochę na Tobie przytnę
Rozkręcamy firmę, przez to nie mam może czasu na rap
Patrzę, kto tu po mnie przyjdzie, znowu chcę się trochę starać
Za dużo włożyłem w to, jakbym posuwał Chinkę (Jezu, to jest straszne)
Już i tak wcisnąłem cancel, nara
Osiem kobiet — każda z nich to gwiazdka, jakbym jebał PiS
Leci nowy Future, a to jest głos jutra, nie od dziś
Piję sobie tea jak miss, obok mnie jest Miss jak Ti
Nie porównuj z tym, co robi Friz, jest jakaś misja w tym
Słodkie jedzenie, ale dalej mam hustle
Śniadanie było w cenie, a ja spałem do dwunastej
Mam zapisane w gwiazdach, że się wyśpię w spokoju
Zapisane w gwiazdach, w pięciu gwiazdach w Bristolu
Spokój, równowaga i cofnięcie się o krok
Potrzebuję tego jak tik potrzebuje tok
Jak Real potrzebuje talk, albo sędzia VAR-u
I tak jak Jakub Rzeźniczak kogoś od PR-u (Yo)
Nie miałem nic jak wyjechałem do Stanów
Tylko milion dolarów

[Zwrotka 3]
Co się stanie, gdy przestanę? Się zastanów
Żaden Stańczyk nie jest w stanie tu wypełnić pustostanów
Tak jak Stano — zmieniam kanał, no i zaczynam od zera
Nie wiesz, ile przeszedłem, bo mam ukryte trofea
Jak Ci serduszko pęka, to weź beta-blokera
Pierdolę co popadnie, bo to moja Fleabag era
Skąd się wzięła u was nagle teraz ta ponura minka?
Nawet nie znam Twojego imienia, nie masz jak Mama Muminka
Robię armagedon, trąbią o mnie jak orkiestra Jimka
Chcesz starego Quebo? No to nie wiem, sobie odpal Tymka
Nowy Quebo siada do kominka, topi we wspominkach
Z lekkim alkoholem, pomarszczonym czołem jak rodzynka
Oj, kiedy to było? Zobacz — pierwsza diamentowa płytka
Twoja każda płytka, chociaż wyszła, to raczej nie wyszła
Siedzi Ci na bani, to jak kryształ nad głowami w Simsach
Dom pełen modelek w stringach, zaśniesz jak z Wilderem Szpilka
Śniąc o diamentowych singlach, drinkach, tyłkach, linkach, blingach
Też mi się to śniło, ale w końcu zdjąłem Oura Ringa

[Przejście]
Jeszcze wczoraj jak choinka — obwieszony łańcuchami, latałem obok najlepszych bomb
Teraz w dresie Patagonii, kamperem do Katalonii, ktoś skanuje mnie jak QR kod (
Co?
)
Jakiego mnie wolisz od Sodomy do Gomory
Jestem w roli tak, jak Tomek Kot
Atakować czy się bronić? Kręcę TikTok w czasie wojny
Skurwysynu, mam za ciężki lot

[Zwrotka 4]
Bo-bo-bo nie pamiętam, żebym leciał bez przygód LOT-em
Trochę sterydów, ale ciągle to jest mniej niż Popek
Tylu krytyków, a ja sobie chodzę pewnym krokiem
Tak jak mój ojciec, a mój ojciec się postrzelił w nogę
To warto dodać, trolle chciały mnie zmieszać z błotem
A ja wychodzę z tego, chłopie, jak z Martwego Morza
I loża VIP pewnie czeka na takiego Shreka
Ale teraz to się uczę, jestem Diodak, eee
A nie Kodak Black, zobacz, gdzie
To poszło, świecę, jakbym zmieszał tlen i fosfor
Losu kowal, a to me rzemiosło
Powiedz GOAT-om, że są owcą
Która zaraz zabeczy, bo golę ostro
Nie rozwodziłem się, co kto opchnął
I się nie rozwodzę dalej
I się nie rozwodzę wcale
Bo się kiedyś ohajtałem z Brodką
Paola Navone, Bellini, Rothko
Ciuchy, łańcuchy zostawiam płotkom
Słuchy o ekhm, to było plotką
Kręcę te szmaty jak Eryk Moczko
Misie z rekinem, morsuję z foczką
Masz tunnel vision, ja robię podkop
Dla mnie to jakbym się bujał z hotką
Każdy niech robi co chce, bo odtąd
Nie może mnie dotknąć nic, ostatni koncert
Pięć milionów Mochi, płyt — tylko tysiące
Przeszedłem każdy patch gry i każdy roleplay
Pytasz — jak się czuję z tym, dlaczego kończę?
Bo…

[Outro]
I love you
I love you
I love you"
Quebonafide,C’est la Vie,"[Intro]
Kiedyś miałem wszystko podrobione, wow

[Zwrotka 1]
Wrzucam to w tracki, bo nie mam więcej miejsca na dziary
Jadę czwarty raz w tym roku by zobaczyć Paryż
Taki dzieciak w takiej furze, bank mu starzy dali
Taki dzieciak w takiej furze, to jest kapitalizm
W takiej bluzie, wolisz Lanvin czy Balmain?
Wyjebane mam na loga, mała żaden ą ę
Moment, to Yves Saint Laurent albo Cardin
Wszystkie moje łaszki są szyte we Francji
Żaden Diverse, serio idę szamać coś na Champs Elysées
Więc jakbyś chciała się no właśnie, bliżej to, yhh, 
żaden Reserved
Co? Co? Co? Co? Kochanie, oddam ci wszystko, serio, nawet Coco Chanel
Tam skąd jestem mówi się: ""O, jebane"" w takich chwilach
(O, jebane!)
Nawet Shazam nie wie tego co jest grane
Ona odwraca się i na pożegnanie rzuca zimne, takie oschłe, przeciągane

[Refren]
C'est la Vie, C'est la Vie, C'est la Vie, C'est la Vie
Mów do mnie jeszcze jak pani bloger
C'est la Vie, C'est la Vie, C'est la Vie, C'est la Vie
Znów mam ochotę pierdolić modę
C'est la Vie, C'est la Vie, C'est la Vie, C'est la Vie
Andre Andersen, nie Stussy, Obey
C'est la Vie, C'est la Vie, C'est la Vie, C'est la Vie
Mam sztukę w Off-White i jadę w ogień

[Zwrotka 2]
Nie noszę Bossa ani Gucci ani Louis, sorry
Masz problem, no tak, bo Twój chłopak się buja w Tommy'm
I nosi stare Diory, wygląda jak przeceniony
Gra gitara mała zaraz, nie muszę się kurwa stroić
Żeby wyglądać jak kot, no bo mój team
Wpierdala się jak drop od Supreme
Żadne logo czy coś – byle luz był
Nie wyglądam jak Vogue ani Twój Styl (voilà)
Jestem luźny raper, za wave'm wave, ale gadam inaczej
Mam MISBHV albo Acne w szafce
Ty masz DHL za parę paczek, no jasne
Że nie chodzi o Vetements
Dałbym Ci serce jak Comme des Garçons
Jeździł mercem do Nantes, jadł francuskie pieczywo
I był smutnym raperem, że mi płyty nie idą, suko
Bo przywiązujesz uwagę do głupot
A nie przywiązuję uwagi do rzeczy
I wkładam jak leci, ale te buty z tą bluzą to overmatching, więc

[Refren]
C'est la Vie, C'est la Vie, C'est la Vie, C'est la Vie
Mów do mnie jeszcze jak pani bloger
C'est la Vie, C'est la Vie, C'est la Vie, C'est la Vie
Znów mam ochotę pierdolić modę
C'est la Vie, C'est la Vie, C'est la Vie, C'est la Vie
Andre Andersen, nie Stussy, Obey
C'est la Vie, C'est la Vie, C'est la Vie, C'est la Vie
Mam sztukę w Off-White i jadę w ogień

[Bridge]
Wrzucasz na Insta tagi, Rick Owens
Chociaż ten płaszczyk to bin
Najgorsze jest to, że to nie koniec
Masz lewe Yeezy, ale nic
Wrzucasz na Insta tagi, Rick Owens
Chociaż ten płaszczyk to bin
Najgorsze jest to, że to nie koniec
Masz lewe Yeezy, ale ni—
Dire Straits

[Refren]
C'est la Vie, C'est la Vie, C'est la Vie, C'est la Vie
C'est la Vie, C'est la Vie, C'est la Vie, C'est la Vie
C'est la Vie, C'est la Vie, C'est la Vie, C'est la Vie
C'est la Vie, C'est la Vie, C'est la Vie, C'est la Vie"
Quebonafide,Candy,"[Produkcja: Deemz]

[Zwrotka 1: Quebonafide]
Ona wybacza moje wady, wybacza błędy
Rozumie moje dziaby i złote zęby
Odbijam zwykłych typów w nich, gdy chcę polatać z nią
Z moją malutką candy, mam od niej plakat z Blow
Bo tylko ona zna mój ulubiony film
I kuma dobrze mój popierdolony styl
Jestem wolny tylko z nią, wolny tylko z nią
Jestem wolny tylko z nią, wolny tylko z nią
Skarbie jesteś mi potrzebna, gdy nie mam się do kogo odezwać
Gdy cały ten fejm mnie przerasta
I było nie raz tak, już chciałem się chlastać
A wtedy Ty wybaczasz moje wady, wybaczasz błędy
Rozumiesz moje dziaby i złote zęby
Odbijam ten zepsuty świat, gdy idę tędy z Tobą
Z moją malutką candy, którą mam zawsze obok
Bo tylko ona wie w którą stronę chcę iść
I tylko ona zna mój ulubiony hit
Jestem wolny tylko z nią, wolny tylko z nią
Jestem wolny tylko z nią, wolny tylko z nią
Skarbie jesteś mi potrzebna, gdy nie mam się do kogo odezwać
Gdy cały ten fejm mnie przerasta
I było nie raz tak, już chciałem się chlastać
A wtedy Ty wybaczasz moje wady, wybaczasz błędy
Rozumiesz moje dziaby i złote zęby
Odbijam tych zepsutych typów, gdy idę tędy z nią
Z moją malutką candy, mam od niej plakat z Blow

[Zwrotka 2: Klaudia Szafrańska]
I mogę czytać Cię jak ulubioną książkę
Jak jesteś obok wiem, że wszystko będzie dobrze
Jestem wolna tylko z nim, jestem wolna tylko z nim
Jestem wolna tylko z nim, jestem wolna tylko z nim
Skarbie jesteś mi potrzebny, gdy wszystko mi działa na nerwy
Gdy cały ten świat mnie przerasta i było nie raz tak
Już było nie raz tak i wtedy Ty wybaczasz moje wady
Wybaczasz błędy, rozumiesz moje sprawy
I koisz nerwy, odbijam ten zepsuty świat
Gdy idę tędy z Tobą, z Tobą, z Tobą"
Quebonafide,Kawa i Xanax,"[Intro: Quebonafide]
Lot nad kukułczym gniazdem, mój świat już powariował
Te sztuki są tak łatwe, jakbym roastował boga
Chcą tylko selfie w lustrze i miłość pod poduszką
I spać w mojej koszulce, mam tylko jedno łóżko
[Zwrotka 1: Quebonafide]
Mam tylko jedną szafę, mam tylko jeden umysł
„Quebo weź mnie jak szmatę“, „Traktuj jak skarb, jak Goonies“
Pierwszy milion na konto, Moroun, Vuitton i Tom Ford
Ty chcesz mieć tylko komfort, ja chcę miłość z Toronto
Tylko, że żadna mnie nie może rzucić (aha)
Spróbuj mnie czegoś nauczyć (aha)
I zrobić coś co mnie ruszy (aha)
Bo chyba już zgubiłem kluczyk
A mam zamknięte serce, bo tamta zdzira
Nie chciała słuchać ze mną Ricky Hila
Tylko Nicki Minaj, a nie 6LACK-a, Woodsa
Znów siedzę na lekach, teraz mój i twój świat jak

[Refren: Quebonafide, PlanBe & Klaudia Szafrańska]
Jak kawa i xanax, jak kawa i xanax, jak kawa i xa-a-nax (xanax)
Jak kawa i xanax, jak kawa i xanax, jak kawa i xa-a-a-anax (xanax)
Jak kawa i xanax, jak kawa i xanax, jak kawa i xa-a-nax (xanax)
Jak kawa i xanax, jak kawa i xanax, jak kawa i xa-a-a-anax (xanax)

[Zwrotka 2: PlanBe]
Nie chciałem żadnych zmartwień, wciąż zataczając koła
To życie zbyt normalne, nie chcę się przystosować
Chcę tylko mieć w komórce te siksy na skinienie
Znajdować na poduszce ślady pomadki, jejee
A moje fanki piękne, jak te poranki w LA
Krągłe pośladki, cerę każda jak Kylie Jenner
Zdejmują majtki chętnie, nieważne czy je chcę mieć
Przygryza wargi w stylu, „Dzisiaj zatańczysz we mnie“
Chciałem mieć kobietę na wyłączność
Marzy mi się miłość jak z Toronto
Dzisiaj Kraków, jutro Nowy Jork z nią
Była ze mną, zanim coś mi poszło
Chciałem mieć kobietę na wyłączność
Marzy mi się miłość jak z Toronto
Dzisiaj Nowy Jork, jutro Alaska
Ona działa na mnie jak, działa na mnie jak

[Bridge: PlanBe]
Ona działa na mnie jak, działa na mnie jak
Ona działa na mnie jak, działa na mnie jak
Ona działa na mnie jak, działa na mnie jak
Ona działa na mnie jak, działa na mnie jak

[Refren: Quebonafide, PlanBe & Klaudia Szafrańska]
Jak kawa i xanax, jak kawa i xanax, jak kawa i xa-a-na (xanax)
Jak kawa i xanax, jak kawa i xanax, jak kawa i xa-a-a-anax (xanax)
Jak kawa i xanax, jak kawa i xanax, jak kawa i xa-a-nax (xanax)
Jak kawa i xanax, jak kawa i xanax, jak kawa i xa-a-a-anax (xanax)
Jak kawa i xanax, jak kawa i xanax, jak kawa i xa-a-nax-ax
Jak kawa i xanax, ka—kawa i xanax, jak kawa i xa-a-a-anax (xanax)
Jak kawa i xanax, ka—kawa i xanax, jak kawa i xa-a-nax (xanax)
Ka—kawa i xanax, kawa i xanax, jak kawa i xa-a-a-anax"
Quebonafide,Hype,"[Intro]
Nie czytaj tekstu, dopóki go nie nawinę
To jest niesamowite... okej
To jest Que i Chris Carson

[Zwrotka 1]
Jebany apetyt na sukces to mój front wpływów
Sto tysięcy w gotówce i za grosz wstydu
Nie wpadło łatwo to, co złego to nie ja
Jak jesteś astronautą, pozdrów nasze ego tam, ego tam
Bez żadnej presji, bez żadnych ran
Niezniszczalny, jakbym wykradł recepty na Ketonal
Co może mnie poskromić? Uwaga nic
Skarbowy za plecami woła mi 
Nu, pagadi
Scena jest świeża, ja umieram z głodu
Nawet nie chce mi się otwierać cudzysłowu
Nawet nie chce mi się otwierać cudzysłowu
Bo zjadam ich jak, yyy, czy jest opcja na dowóz?
To jest nasz czas jak Smagalaz
Buja karkiem przy tym nawet Jabba Hutt
Mam taki hype, że mogę nawinąć to drugi raz
Ostry wjazd, red alert, należałoby odgwizdać faul
Nieczysto zagrałem, ale bawię się dalej
To kawałek za kawałkiem jak w Pizza Hut
Lista płac rośnie, więcej i szybciej
Miasto jest małe, lecz wielkie ambicje

[Refren]
Jak to jest? Że robię hajs i mam respekt na scenie
Jak to jest? Chyba nie myślisz, że jeszcze podziemie
Jak to jest? Pełne mordy i pełne kieszenie
Tak to jest! Stukamy kieliszki z moim hypemanem
Hype, hype, hype, hype, hype, hype, hype, hype
Hype, hype, hype, hype, hype, hype, hype, hype

[Zwrotka 2]
Nie mogą nic zarzucić mi, zbyt prawdziwy, szczery
Przypierdalają się do ksywy, pseudorapery
Tomasz z Akwinu pewnie też by uwierzył w tę puentę
Odhaczony premier, jutro na golfa z prezydentem
Czemu tak dużo bragga, za dużo wódy leży
Proste odpowiedzi, problem z rekonstruowaniem przeżyć
Chcesz mnie uprzedzić, uprzedzić, sprawdźmy się
Nagrywasz to dla siebie, pół biedy; Harvey Dent
Jebany apetyt na sukces, sprawdź potencjał
Cała rapgra wkrótce zrobi dwukropek i v, blow
Nie wiem, czy strawisz to łatwo
Teraz jestem playa jak Dawid Podsiadło
Kreuję życie jak chcę, to moje simsy simsy
Wyjście z potrzasku to cel, twoje clinchy clinchy
Muszę po swoje biec, robimy dobre sprinty
Dziesięć lat temu by nie nawinęli tego; Vintage

[Refren]
Jak to jest? Że robię hajs i mam respekt na scenie
Jak to jest? Chyba nie myślisz, że jeszcze podziemie
Jak to jest? Pełne mordy i pełne kieszenie
Tak to jest! Stukamy kieliszki z moim hypemanem
Hype, hype, hype, hype, hype, hype, hype, hype
Hype, hype, hype, hype, hype, hype, hype, hype

[Zwrotka 3]
Ruszymy scenę, bo to wolne żarty w slow-mo
Mam pięć siódemek w dacie urodzenia; hot spot
Mój plan się w głowie nie mieści, mów mi John Doe
Twój rap od siedmiu boleści, znowu John Doe
Takie linie, nie rusza cię, a już to nucisz
Chujowy byłem, odpal tego Rap Geniusa, ruszy
Mój zapał to Eyjafjallajökull, ledwo ostygł
Nawet wampiry rzucają na was cień wątpliwości
Żadnych jebanych ugód, żadnych jebanych długów
Idziemy szlakiem opętania, chyba nie ma dla nas innych dróg już; Voodoo
Nadchodzi ósmy z cudów, to Que i Chris Carson
Taka różnica jest, że stoję nad przepaścią
Nie mogą mnie zaszufladkować, zamknąć mogę wszystko
Eklektyka, moja stylistyka jest jak O.J Simpson
Czyszczę jak Splinter Cell, scena jest pozjadana
Milordzie, gdzie cylinder do mojego shotguna?

[Refren]
Jak to jest? Że robię hajs i mam respekt na scenie
Jak to jest? Chyba nie myślisz, że jeszcze podziemie
Jak to jest? Pełne mordy i pełne kieszenie
Tak to jest! Stukamy kieliszki z moim hypemanem
Hype, hype, hype, hype, hype, hype, hype, hype
Hype, hype, hype, hype, hype, hype, hype, hype

[Tekst i adnotacje na Rap Genius Polska]"
Quebonafide,Zorza,"[Zwrotka]
Cztery bezsenne noce jak Blade
Imponują ci przemoc i krew?
Siedzę samotnie, chłonę ten dźwięk
W moim rodzinnym domu obok Płońskiej 6
Tym samym domu, gdzie widzę się rzadko
Tu, gdzie chowałem strach za wersalką
Chciałem już tylko stąd zniknąć jak Falkor
Gdy ojciec chciał wyrzucać mamę przez balkon, rrah
I tym samym, do którego dziś wracam po trasie
Zacząłem już myśleć jak facet
Mówili ""nie da się"", a teraz sam widzisz, że da się
Znajomi na kasie to nazwą karierą, przepraszam za szczerość
No taką mam pracę, choć mogło być całkiem inaczej
Nie myślę o tym nawet czasem, nawet czasem, rrah
Cztery bezsenne noce jak Blade
Imponują Ci hazard i cash?
Byłem osamotniony z życiem
Jak na dłoni trzymałem ten kwit lub żetony w niej
Traciłem ten kwit, pierdolony pech
Albo ja ich, albo oni mnie
Jebać te forsę, straciłem majątek
I zdrowie, co Ty wiesz o wkurwionym Que?
Cztery bezsenne noce jak Blade
Imponują Ci presja i stres?
Musisz zawsze wyglądać jak gwiazda
Się ścigać i babrać, jeśli chcesz tu wejść
Ja nie chciałem, a dlaczego dziś piszę kawałek?
Dlaczego dziś piszę kawałek? Dlaczego dziś piszę kawałek?

[Refren: Quebonafide & Gverilla]
I choć dla wielu to szok i ból
I wszyscy wokół marzą o tym żeby nie wyszło
Już czułem ten mrok i chłód
I co by się nie działo zawsze musiałem wybrnąć
I nawet jak los to wróg
I nieraz nawet w najgorętszych miejscach jest zimno
Musiałem dać krok naprzód
Gdy cała reszta za mną się martwi opinią
Dla wielu to szok i ból
I nieraz pozostaje Ci już tylko krzyk z gardła
Już czułem ten mrok i chłód
Ale nigdy nie będę tańczył tak jak mi zagrasz
I nawet jak los to wróg
I niedaleko pada tutaj berło od błazna
Musiałem dać krok naprzód
A teraz bracie życie piękne mam jak Islandia

[Outro]
Dla wielu to szok i ból
Dla wielu to szok i ból
Dla wielu to szok i ból

[Tekst i adnotacje na Rap Genius Polska]"
Quebonafide,SZUBIENICAPESTYCYDYBROŃ,"[Intro]
Od początku, od początku
*Nuci*

[Refren]
Szubienica, pestycydy, broń
Dobry losie, weź mnie przed tym chroń
Chcę tylko mieć w dłoni twoją dłoń
Parapapa, parapapapapa
Przecież życie piękne jest jak Wrocław
Jak moja dama, mama, no i siostra
Może w sumie nie tak źle tu zostać
Parapapa, parapapapapa

[Zwrotka 1]
Muszę wyłączyć się i wyjść na rower albo jogę
Głupie myśli w głowie, leci Cobain i Night Lovell
Zerwałem stare kwiaty, czemu nie wyrosły nowe?
Kiedy umrę chcę, żeby wygłosił mowę ktoś taki jak Marcin Flint
Aksamitnym głosem
Niech mówi z pasją w tym, jak ten mały, dziwny poseł
Nieszczepione psy chcą mnie zagryźć, ale proszę
Nadal niosę swój krzyż, tak jak zła kostucha kosę
Chociaż siedzę sam pijany, no i gapię się na ścianę
Myśląc czym jest mrok (czym jest mrok?)
Czego chce ode mnie Żulczyk?
Czemu nastrój samobójczy mam jak Mariusz Jop? (Mariusz Jop)
Paparazzi pod poduszką, a mam niezasłane łóżko
Ciągle czuję wzrok (czuję wzrok)
Co przyniesie nowy rok? Moja dziewczyna śpiewa pop
Lala

[Refren]
Szubienica, pestycydy, broń
Dobry losie, weź mnie przed tym chroń
Chcę tylko mieć w dłoni twoją dłoń
Parapapa, parapapapapa
Przecież życie piękne jest jak Wrocław
Jak moja dama, mama, no i siostra
Może w sumie nie tak źle tu zostać
Parapapa, parapapapapa

[Zwrotka 2]
Słowo ""Sukces"" sprawia, że chciałby cię zabić każdy
Raperzy rozumiem, ale kurwa, Fabijański?!
Idę sobie biegać pięknym świtem nadwiślańskim
Nie mogę przejmować się tym co gadają błazny
W moim filmie, bracie, to nie hajs gra rolę
Gdybym się urodził z tak zamkniętą głową
Pewnie raczej też chciałbym zostać aktorem
Tylko po to, by jak najrzadziej być sobą, słowo

[Refren]
Szubienica, pestycydy, broń
Dobry losie weź mnie przed tym chroń
Chcę tylko mieć w dłoni twoją dłoń
Parapapa, parapapapapa
Przecież życie piękne jest jak Wrocław
Jak moja dama, mama no i siostra
Może w sumie nie tak źle tu zostać
Parapapa, parapapapapa

[Outro]
Szok, z rapera w gwiazdę pop w rok
Moja dziewczyna jest z popu i ja też już jestem pop
Szok, z rapera w gwiazdę pop w rok
Moja dziewczyna jest z popu i ja też już jestem pop
Szok, z rapera w gwiazdę pop w rok
I moi koledzy są z popu i ja też już jestem pop
W rok, szok, z rapera w gwiazdę pop, joł"
Quebonafide,Żadnych zmartwień,"[Produkcja: ka-meal]

[Intro: Quebonafide & Kuban]
Siemano wam tam, takiego czegoś nie grano od dawna. (Mała poprawka, 
nie grano nigdy
) Taki już jestem

[Zwrotka 1: Quebonafide]
Żadnych problemów, depresji przy gniewie
Chyba, że odpalam C30-C39
Żyję zwiewnie, tylko dzisiaj i tu
Już nie wiem czy to Epikur czy filozofia Misia Baloo
Zawijam parę monet i dzionek witam jak król
Bez czarnych myśli choć zaczynam od The Roots (I don't ask)
Moja codzienność to offside, już nie wiem sam czy to dobrze, gdy
Nie mam podstaw, by dojść gdzieś, zmądrzeć
I chyba dlatego tak bardzo nie mogę się temu oprzeć
Sam zbudowałem to na kanwie wolności
Znam siedem grzechów głównych na pamięć, z autopsji
Jeszcze będziemy mieli czas, żeby myśleć jak dorośli
Twój Bóg nawet nie prosi mnie, żebym w niego uwierzył już
I nawet jak odszedłbym jutro, to nie mów, że trudno
Bo miałem okazję to przeżyć
I wszyscy moi ulubieni raperzy mnie propsowali
Lux, triumf, taka kryptoreklama
Nigdy nie skończę jak te łaki w bramach
Buziaki, mama, taka kryptoreklama
Chcę się widzieć na szczycie, wiedz, że dalej go gonię
To jak GKS Katowice, bo miałem Szale po swojej stronie
Chciałbym uciec, ale dokąd, idę za ciosem jak Jean Claude van Damme
Zrobiłem pierwszy milion, spoko, pachnę 
Paco Rabanne


[Refren: Quebonafide & Kuban]
I nie mam żadnych zmartwień, żadnych zmartwień
Nie mam żadnych zmartwień, żadnych zmartwień
Nie mam żadnych zmartwień, żadnych zmartwień
Nie mam żadnych zmartwień, żadnych zmartwień

[Zwrotka 2: Kuban]
Wszyscy jacyś tacy zgotowani
Nie rozumiem czemu mam za wami biec
Ostatnio już mnie nawet bawi stres
Zero powagi, ej, działa jak dragi śmiech
Nie uda się to masz drugie podejście
Nie biję się po piersi niepotrzebnie
Piję sobie wódę, słucham KęKę
Ze wszystkim jakoś teraz mi na rękę
Zero rad, zero zmartwień, już tak mam
Zero wad, zero zmarszczek, a chandra
Życie ma wiele dla nas co ranka
Więc nie sugeruj mi, żebym miał się zamartwiać
Co, żyję sobie fajnie, a codzienna ucieczka to błąd?
Ziom, minę cię na starcie i zdubluję na rękach po sos
Żyjesz jak ktoś? Jest zagadka, co ci dał los, co ci dał hajs
Żyję prawdą, zero kłamstwa, a bogactwo mogę wam dać
Altruizm to piękny aforyzm
Znam ludzi już w kwestii idoli
Nawet kolorowy bez nich świat
Jest jak bez barw, a ja jak niewidomy
Jak dym z papierosa unoszę się ponad ten jebany mętlik
Moja osoba w modlitwie do Boga nie szuka sugestii (Nie)
Szukam czegoś więcej, chociaż to dla ślepców bieg (hej)
Szukam czegoś więcej, chociaż to dla ślepców bieg

[Refren: Quebonafide & Kuban & Kuba Knap]
I nie mam żadnych zmartwień, żadnych zmartwień
Nie mam żadnych zmartwień, żadnych zmartwień
Nie mam żadnych zmartwień, żadnych zmartwień
Nie mam żadnych zmartwień, żadnych zmartwień

[Zwrotka 3: Kuba Knap]
I nie mam żadnych zmartwień, kiedy tak leżę z blantem
Za to mam jedno pytanie: czy nie masz hajsu dla mnie?
Hipokryta, bo kiedy mam to kombinuję jak się go pozbyć
Hajs to jebane ścierwo, dlatego wciąż ja nie mam tej fooorsy
Ja naprawdę nie mam tej forsy i mówię serio
Ale nie wychodzę z formy jak Wilku
Jak upieczony sterczę ze szlugiem na winklu
I w dupie mam sądy, i jak spotkasz mnie gdzieś
To bez problemu, mogę cię olać jakbyś rozdawał ulotki
Bez problemu jak Smokey
I nie mam zmartwień, kiedy mam friday
I robię z siebie łajzę, bwoy
I do dwunastej budzikom śmierć
Bo przez gibony mam w oczach piasek, boy
Ta, dwie kawy rano na rozpęd, bo mam co robić
Nie daję za wygraną, myślę jak pogodzić mój portfel i forsę (da się?)
Widocznie się nie lubią, ale mam plan
Brzmi trochę głupio, mam styl gorący jak gówno
Którym resztę leszczy se wciągnę dupą
I nie chcę krzyczeć ""życie, ty suko""
Bo doceniam cokolwiek co mam
Nie mam hajsu jak zmartwień
Ale gdybym nie miał co robić to robiłbym hajs

[Refren: Quebonafide & Kuban & Kuba Knap]
I nie mam żadnych zmartwień, żadnych zmartwień
Nie mam żadnych zmartwień, żadnych zmartwień
Nie mam żadnych zmartwień, żadnych zmartwień
Nie mam żadnych zmartwień, żadnych zmartwień

[Outro: Kuban]
Wszyscy się skatowali, to jeden z eleganckich bali był
To się wyjebie…"
Quebonafide,Między słowami,"[Produkcja: Boobie Boi & ka-meal]

[Zwrotka 1: Quebonafide]
Tutaj ludzie nie patrzą w ogóle
Nawet nie że dziwnie, nawet nie że z dystansem
Tak niewidzialny się nigdy nie czułem
Stoję i notuję, a każdy pędzi jak Shinkansen
W swoje strony i w swoją jazdę
W swoim Sony i w swojej Mazdzie
Wczoraj oglądałem „Między Słowami”
Dziś sam się między tymi słowami znalazłem

[Break: Quebonafide]
Nic nie rozumiem, choć wszystko jest jasne
I szukam Cię w tłumie i czuję jak gasnę
Ludzie jak duchy latają nad miastem
Świat jest zatruty, więc chodzę w tej masce

[Zwrotka 2: Quebonafide]
Wiesz co tak lubię w Japonii?
To, że ludzie nie chcą żebym był jak oni
Dziwne oko na dłoni i znaki przy skroni
Ale sorry, nadal nie jestem społecznie upośledzony
Potrzebuję też mieć blisko kogoś
Bo życie to nie jest kurwa Mr. Robot
Wszędzie telefony, każdy sam ze sobą
Każdy w swojej roli, w swoim świecie, obok

[Refren: Young Lungs]
Fly across the globe, got a flight to catch tomorrow
I've been in Rome, next I'm flyin' to Sapporo
Look out the window of a plane and I’m in sorrow
Explore the city then I'll fly back to Toronto
I've got a layover, I'm lost up in translation
The jet lag hit me in a morning, couldn't face it
I took the red eye so I'm sleeping for a day, man
My phone get service when the plane touch down on pavement

[Zwrotka 3: Quebonafide]
Tutaj mnie nie widzą w tej bandzie statystów
Nawet bez aikido, karate, ju-jitsu
Każdy się broni przed wzrokiem i gestem
Gdzie moja jasność umysłu?
Nie pomógł mi las ani klasztor buddystów
Mnisi w Airmaxach I mcŚwiat na maksa (nie)
To było gdzieś na nepalskim dziedzińcu

[Break: Quebonafide]
Nic nie rozumiem, choć wszystko jest jasne
I szukam Cię w tłumie i czuję jak gasnę
Ludzie jak duchy latają nad miastem
Świat jest zatruty, więc chodzę w tej masce

[Refren: Young Lungs]
Fly across the globe, got a flight to catch tomorrow
I've been in Rome, next I'm flyin' to Sapporo
Look out the window of a plane and I’m in sorrow
Explore the city then I'll fly back to Toronto
I've got a layover, I'm lost up in translation
The jet lag hit me in a morning, couldn't face it
I took the red eye so I'm sleeping for a day, man
My phone get service when the plane touch down on pavement

[Break: Quebonafide]
Czasem chciałbym umieć latać, gdy ta pustka za mną chodzi
Stoję sam na końcu świata, ślę buziaka na emoji
Mała mua, mua, mua
Mała mua, mua, mua
Czasem chciałbym umieć latać, gdy ta pustka za mną chodzi
Stoję sam na końcu świata, ślę buziaka na emoji
Mała mua, mua, mua
Mała mua, mua, mua

[Tekst i adnotacje na Rap Genius Polska]"
Quebonafide,TOKYO2020,"[Intro]
Ling, Yi, Er, San, Si, Wu, Liu, Qi
Tōkyō ni iku no

[Refren: Taco Hemingway, Quebonafide]
Jadę z Kyoto do Nary, jadę z Kyoto do Tokyo
Ona ma oksy Prady, nie płacz, mała, bo zmokną
Jadę z Kyoto do Nary, dawno nie byłem w Schengen
Wokół kamery robią skany jak rentgen
Jadę z Nary do Kyoto, jadę z Kyoto do TokyoOna ma oksy Prady, nie płacz, mała, bo zmokną
Lecę z Busan do Tianjin, lecę z Tianjin do Shenzhen
Ona ma trampki z sercem, słuchamy New Romancer

[Zwrotka 1: Quebonafide]
Znudzili mnie Gaudi i Eiffel, loty z Seulu do Taipei
Każdy wygląda jak hypebeast, każda wygląda jak hypebae
Mój człowiek skośny jak laufer, dookoła low life i high tech
Tańczymy po winie, póki nie przeminie to życie jak Datpiff i MySpace, yo
Zamawiam bobę i bibimbap, a ona wodę i sticky rice
Dwa kraje w dobę bez dzikich kart, nie noszę Obey, mam inny vibe
Przez rok nawinąłem te półtora zwrotki, a i tak na koncie jest szybki hajs
Oni są wczuci w te rapy, ja siadam do pracy, bo zasięg od Wi-Fi padł
Mój człowiek ma dziarę Family Mart, twój drip to jest nie ten level
Filip zna Chiny jak własny kark, świecimy jak neony nad 7-Eleven
Mój człowiek ma dziarę Family Mart, twój drip to jest nie ten level
Filip zna Chiny... podrabiasz nas 1 do 1, suko

[Refren: Taco Hemingway, Quebonafide]
Jadę z Kyoto do Nary, jadę z Kyoto do Tokyo
Ona ma oksy Prady, nie płacz, mała, bo zmokną
Jadę z Kyoto do Nary, dawno nie byłem w Schengen
Wokół kamery robią skany jak rentgen
Jadę z Nary do Kyoto, jadę z Kyoto do TokyoOna ma oksy Prady, nie płacz, mała, bo zmokną
Lecę z Busan do Tianjin, lecę z Tianjin do Shenzhen
Ona ma trampki z sercem, słuchamy New Romancer

[Zwrotka 2: Taco Hemingway]
Nikt nie zna mnie jak Face ID, VPN ziomo, no bo śledzą IP-s
CNN znowu opowiada bajki o wojnie, BPMy robią high speed
WeTransfer, przesyłają nam bit, na PayPal potem przelewają hajs mi
Pytają, czy jestem ciągle głodny (bi-bitch, I might be)
Widzę, dokąd nas prowadzi neostrada, nigdy nie widziałem tak durnego stada
Wczoraj chciałem robić spontaniczne ruchy, no ale nagle moja Siri mówi, że odradza
Żebym wydał kasę jakiś neon błaga, neon Louis, neon Prada
Polej tylko jeszcze jeden kielon barman, kielon drugi, kielon spadam
Ona mówi: ""Gdzie idziesz Fifi?"", moje ruchy na CCTV
Orwell uczył więc nic nie zdziwi, dane płyną jak Mississippi
Cywilizacji jeszcze nie koniec, póki takie ciepłe jej dłonie
Uprawiamy seks, a za oknem de-de-deszcz na neonie

[Refren: Taco Hemingway, Quebonafide]
Jadę z Kyoto do Nary, jadę z Kyoto do Tokyo
Ona ma oksy Prady, nie płacz, mała, bo zmokną
Jadę z Kyoto do Nary, dawno nie byłem w Schengen
Wokół kamery robią skany jak rentgen
Jadę z Nary do Kyoto, jadę z Kyoto do TokyoOna ma oksy Prady, nie płacz, mała, bo zmokną
Lecę z Busan do Tianjin, lecę z Tianjin do Shenzhen
Ona ma trampki z sercem, słuchamy New Romancer"
Quebonafide,quebahombre,"[Intro]
El Chapo, donde esté peligroso?

[Zwrotka 1]
Powiedz Gringo, co będziesz o nas rapował?
Kolejny pielgrzym, który przywędrował?
Zobaczyć jak na świata końcu
Leje się krew, tequila i ropa naftowa w pełnym słońcu
Tak blisko Stanów, ale daleko od Boga
Tak blisko raju, ale daleko od Boga
Czeka kolejna przygoda, która wzywa
To wesoła ekipa - Arriba! Que viva Mexico!
Bądź czujny jak nigdy, gorące spojrzenia, wśród zimnych uliczek
I tyle samo tu piękna, co krzywdy
Mimo że co drugi ma naszyjnik z krzyżykiem
To prawdziwe życie, nie telenowele
Policja, kartele i oba te cele to jeden interes
Ze wspólnym portfelem
Jedziesz przy granicy to chowaj kamerę, Gringo

[Refren]
Zatłoczoną ulicą miasta, pędzi samotnie wolny człowiek
Jeśli chciałbyś mu cokolwiek zabrać, to nic nie ma przy sobie
Zatłoczoną ulicą miasta, pędzi człowiek wolny jak ptak
Ma niebo na głowie, szacunek do kobiet
Co chwilę uśmiecha szeroko, gdy gra, tequila na bar

[Bridge 1]
Quebahombre, aj jaja jaj, Quebahombre
Aj, Quebahombre, aj jaja jaj, Quebahombre
Aj...

[Zwrotka 2]
Powiedz Gringo, czemu pytałeś o stany?
Tutaj nikt się nie fascynuje Jankesami
Zaczaisz, jak zobaczysz twarze za miedzą
Które marzą by zamienić Tijuanę w San Diego
Zaczaisz, jak zobaczysz nasze plaże w Tulum
Dzieciaki grające w siatkę po dwóch stronach muru
Zaczaisz, jak zobaczysz nasze miasta, ruiny
Na których świat się zaczyna i kończy, mówimy
Że tu się rodzą Bogowie
A Aztekowie zostawili piękne ślady po sobie
Zaczaisz przy kobietach na Playa Del Carmen
Mogłeś widzieć Castellitto i Briana De Palmę
Ale ta namiętność tu to coś innego, niż reszta
Zaczają, jak zapytasz skurwysynów o Teksas, Gringo...
Aj jaja jaj!

[Bridge 2]
Ten rap to pierdolony real talk
Pamiętasz co mieliśmy przywitać za rok?
Ten rap to pierdolony real talk
Pamiętasz co mieliśmy przywitać za rok?

[Refren]
Zatłoczoną ulicą miasta, pędzi samotnie wolny człowiek
Jeśli chciałbyś mu cokolwiek zabrać, to nic nie ma przy sobie
Zatłoczoną ulicą miasta, pędzi człowiek wolny jak ptak
Ma niebo na głowie, szacunek do kobiet
Co chwilę uśmiecha szeroko, gdy gra, tequila na bar

[Bridge 1]
Quebahombre, aj jaja jaj, Quebahombre
Aj, Quebahombre, aj jaja jaj, Quebahombre
Aj...

[Zwrotka 3]
Gringo, jedź do placu w Puebla, kruche taco zawiń w pół
Tam, gdzie w tańcu przy hacjendach macho bawi się jak król
Tam, gdzie cziki, które stoją na balkonach krzyczą doń
Później ryczą tak jak kojot, chcą, byś je całował w dłoń
Znam tych loco, którzy nocą znowu czyszczą chłodną broń
Później proszą Boga o to, żeby im wybaczył błąd
Znam amigos, którzy wiecznie grają przy Oaxace w głos
Mariachi me acompañan cuando canto mi canción
Quebahombre!

[Outro]
El fuego que era a veces propio
La ceniza siempre ajena
Blanca esperma resbalando
Por la espina dorsal
Ya somos más viejos y sinceros
Qué más da
Si miramos la ""laguna""
Como llaman a la eternidad
De la ausencia

[Bridge 1]
Quebahombre, aj...
Quebahombre, aj...

[Tekst i adnotacje na Rap Genius Polska]"
